ev_date,ev_description,ev_image_path,ev_name,ev_place,ev_time,ev_type
2021-03-17,"Новый проект от создателей бара «Иксы», бара «Руки вверх», бара «Малина», ресторан-бара «Облака», кафе-клуба «Романтика».",D:/home/projects/galaxy/scraping/git-scraping-redom/images/IMAGES_2021_3_17-2021_3_20-ALL/Вечеринка в баре «Че Почем».jpg,Вечеринка в баре «Че Почем»,Че Почем бар (Центр),20:00,parties
2021-03-17,"По одной из музыковедческих версий, прежде чем Иоганн Себастьян впервые сел за орган, отец обучил его игре на скрипке. В этот вечер в роли «дуэлянтов» выступят органист из Испании Даниэль Сальвадор и скрипач Пётр Лундстрем (Россия).|О предстоящем музыкальном поединке, посвящённом 335-летию со дня рождения Иоганна Себастьяна Баха, рассказывает Даниэль Сальвадор:|«Представляемый концерт, по сути, является «дуэлью» между полученным Иоганном Себастьяном в детстве от отца (скрипка) и брата-близнеца отца (орган) музыкальным образованием. Кроме того, огромный контраст между двумя инструментами призван воссоздать типичную характеристику, которая отличает эпоху барокко».|Даниэль Сальвадор — органист и клавесинист, выступал на лучших органных площадках Испании, а также в различных европейских городах: Париж, Антверпен, Рим, Рига и др. Кроме того, постоянно сотрудничает с камерным оркестром “Villa de Madrid” и камерным барочным ансамблем “Stylus Cubicularis”, с которым записал несколько дисков испанской барочной музыки. Музыкант был удостоен чести выступить органистом на церемонии причисления к лику святых католического епископа Дона Альваро дель Портильо (2014 г.), играя для пятисоттысячной публики верующих.|Пётр Лундстрем — представитель знаменитой музыкальной династии, внук народного артиста России пианиста Михаила Воскресенского и внучатый племянник легендарного джазмена Олега Лундстрема. В девять лет Пётр стал лауреатом I премии Международного конкурса скрипачей в Киеве. Лауреат Международного конкурса скрипачей в Софии (Болгария) и Международного струнного конкурса в Харбине (Китай). В 2010–2016 гг. Пётр выступал в Америке, Испании, Швейцарии, Китае, во всех залах Московской консерватории, во многих городах России. С 2014 года — солист Творческой Мастерской Леонида Лундстрема. С января 2018 года — исполнительный директор вышеупомянутой Творческой Мастерской. С 2019 года — участник программ Санкт-Петербургского Дома музыки.|Оба музыканта ранее уже выступали в Красноярске и успели завоевать любовь публики.|Программа:|музыка И.С. Баха —|Фантазия и фуга соль минор BWV 542|Соната для скрипки соль минор BWV 1001|Соната для скрипки и клавира соль мажор BWV 1019|Чакона (из Партиты № 2 ре минор) BWV 1004/5|Токката и фуга ре минор BWV 565|Продолжительность 1 час 15 минут, 1 отделение",D:/home/projects/galaxy/scraping/git-scraping-redom/images/IMAGES_2021_3_17-2021_3_20-ALL/Фестиваль «Эклектика»: Даниэль Сальвадор (орган) и Петр Лундстрем (скрипка).jpg,Фестиваль «Эклектика»: Даниэль Сальвадор (орган) и Петр Лундстрем (скрипка),Органный зал,19:00,concerts
2021-03-17,"Пьеса  обладает тонким юмором и душевной глубиной, пользуется  огромной популярностью и сыграна в театрах по всей России и в странах СНГ.|Почти сказочная история «из наших дней». О том, как, благодаря веселой путанице, пожилая дама и нежно любящая ее дочь, статный мужчина, имеющий дачу на Канарах, и девушка из магазина на углу, обрели друг друга и стали счастливой семьей.|Это история о чуде, заставляющая верить в жизнь! Спектакль имеет огромный успех у широкой аудитории разных возрастов. После просмотра этой постановки зрители аплодируют стоя.","D:/home/projects/galaxy/scraping/git-scraping-redom/images/IMAGES_2021_3_17-2021_3_20-ALL/Я Вас так не отпущу, и привет Котопёсику!.jpg","Я Вас так не отпущу, и привет Котопёсику!",Дом актера,19:00,theater
2021-03-17,"Комедия положений в 2-х действиях по пьесе Кена Людвига. Спектакль ""Примадонны"" расскажет красноярским зрителям смешную историю о двух бедных актёрах Лео Кларке и Джеке Гейбле, которые, как в знаменитых ""В джазе только девушки"", переодеваются в женщин. Тем самым они хотят втереться в доверие к пожилой американке-миллионерше, которая много лет назад потеряла двух своих племянниц-наследниц. Вот этими-то ""племянницами"" и становятся Лео Кларк и Джек Гейбл.|Но в их рациональные планы вмешиваются чувства - в доме богатой бабушки Кларк и Гейбл находят свою любовь. Эта история, как и любая комедия положений, закончится полным разоблачением предприимчивых героев и, естественно, свадьбой.",D:/home/projects/galaxy/scraping/git-scraping-redom/images/IMAGES_2021_3_17-2021_3_20-ALL/Примадонны.jpg,Примадонны,Драматический театр им. А.С. Пушкина|Большая сцена,19:00,theater
2021-03-17,"В Музее-усадьбе В. И. Сурикова уже второй год продолжается «Факультатив»- проект для тех, кто обладает непреодолимым желанием развиваться, расширять собственный кругозор и сферу интересов.|17 марта, в 17:00 приглашаем поговорить  синтезе традиционной одежды и музыкальной культуры славян. Гостями музея станут наши давние друзья из фольклорной студии «Баколье», руководитель Горева Екатерина Викторовна, член Российского фольклорного союза, представитель КРОО«Живая старина», педагог школы этнической социализации «Дома офицеров» и старший преподаватель СГИИ имени Дмитрия Хворостовского.|Расскажем о комплексах женской традиционной одежды русских Сибири, о способах изготовления и орнаментирования одежды, девушки в аутентичных костюмах из фольклорной студии «Баколье» исполнят песни с упоминанием одежды календарно - обрядового и семейно - обрядового фольклора. Вечер среды обещает быть красивым и мелодичным.",D:/home/projects/galaxy/scraping/git-scraping-redom/images/IMAGES_2021_3_17-2021_3_20-ALL/Факультатив.jpg,Факультатив,Музей-усадьба В. И. Сурикова,17:00,shows
2021-03-17,"На выставке представлено свыше 100 подлинных произведений изобразительного искусства XVIII – начала XX века – от старинных икон до живописных и графических работ величайших русских мастеров.|Вы увидите произведения разных жанров и направлений:|Парадные и камерные портреты XVIII века, показывающие интерес художников к человеку, его личности, статусу и воспевающие торжество разума.  |Пейзажи и натюрморты XIX века известных мастеров русской живописи: И.К. Айвазовского, И.И. Шишкина, И.И. Левитана, И.Ф. Хруцкого и многих других. |Полотна В.И. Сурикова – великого русского художника родом из Сибири. В нашем музее находится большая коллекция его произведений от самой первой самостоятельной работы до последней крупной картины.|Произведения художников начала XX века принадлежащие кисти И.Е. Репина, К.А. Коровина, П.И. Петровичева и других. В этот период происходят масштабные изменения в искусстве: кроме реализма, начинают развиваться такие направления как русский импрессионизм и символизм, появляются различные художественные объединения. |Коллекцию русской иконописи – иконы разных школ и направлений из центральных регионов России, редкие образцы сибирских икон, искусно выполненные оклады и медное старообрядческое литье.|Работы художников-бунтарей,  художников-передвижников представлены бытовым жанром, портретом и пейзажем. Они воспевали природу России и показывали повседневную жизнь русского общества, как она есть, без прикрас.  |Кто они такие?|В число передвижников входили: Василий Перов, Алексей Саврасов, Иван Шишкин, Илья Репин, Николай Ге, Василий Поленов, Виктор и Аполлинарий Васнецовы, Василий Суриков, Архип Куинджи, Исаак Левитан, Владимир и Константин Маковские, Валентин Серов и, конечно, Иван Крамской, предводитель движения.|Первой своеобразной акцией передвижников стал сорванный конкурс, посвященный столетию Императорской академии художеств: ее лучшие выпускники не стали писать заданный мифологический сюжет и, получив отказ в свободной теме, удалились из аудитории. Впоследствии бунтари организовали первое в России творческое объединение «Артель художников», которая в 1870 году превратилась в «Товарищество передвижных художественных выставок», вдохновлявшееся идеей народничества.",D:/home/projects/galaxy/scraping/git-scraping-redom/images/IMAGES_2021_3_17-2021_3_20-ALL/Русское классическое искусство XVIII – начала XX века.jpg,Русское классическое искусство XVIII – начала XX века,Художественный музей (на Парижской коммуны),13:00,exhibitions
2021-03-17,"«Покорение Сибири Ермаком» и «Степан Разин» – масштабные исторические полотна Василия Сурикова, в которых отражена вся многогранность таланта великого художника.|– Ты увидишь графические и живописные этюды, связанные с написанием двух грандиозных произведений|– Узнаешь историю создания этих работ|– Познакомишься с «эпическим» этапом творчества Василия Сурикова|Выставка является одним из значимых событий программы XV Зимнего суриковского фестиваля искусств.|Проходит в рамках экспозиции «Русское классическое искусство XVIII – начала XX века».",D:/home/projects/galaxy/scraping/git-scraping-redom/images/IMAGES_2021_3_17-2021_3_20-ALL/Василий Суриков: от Ермака к Степану Разину.jpg,Василий Суриков: от Ермака к Степану Разину,Художественный музей (на Парижской коммуны),13:00,exhibitions
2021-03-18,"Перформанс, переносящий слушателя от современности к истокам; электроника и аутентизм; современная новаторская музыка и фантазии одного из главных представителей эпохи барокко. Программа для настоящих ценителей современного искусства.|Исполнители:|Роберт Брем, скрипка|Георгий Мансуров, электроника|«12 фантазий для птицы и микроволновки» — это возможность открыть для себя новые грани музыкального искусства через диалог эпох и концентрация фантастического звучания! Экспериментальный концерт пройдёт в необычной камерной атмосфере в Зале торжеств, где не будет барьеров между артистом и зрителем!|Этим вечером новаторская электронная музыка нашего современника Георгия Мансурова прозвучит в сочетании с музыкой эпохи барокко. 12 фантазий для скрипки соло немецкого композитора Георга Филиппа Телемана исполнит скрипач Роберт Брем. Всю прелесть музыки далёкого прошлого передаёт уникальный инструмент Владимира Нора — точная копия скрипки Антонио Страдивари с жильными струнами и низкой аутентичной настройкой. А синтезаторы благодаря аналоговым технологиям позволяют добиться уникального, естественного звучания. Электронная музыка Георгия Мансурова — продолжение линии Джона Кейджа, Эрика Штокхаузена и других классиков авангардной современной музыки.|Георгий Мансуров — музыкант, мультиинструменталист, композитор. Выпускник МГК имени П.И. Чайковского. С 2012 года — в оркестре мusicAeterna Теодора Курентзиса. Студент Мастерской индивидуальной режиссуры Бориса Юхананова. Участник Зальцбургского, Бременского и многих других музыкальных фестивалей.|Роберт Брем — соучредитель Творческой мастерской Леонида Лундстрема. Артист оркестра musicAeterna Теодора Курентзиса. Выпускник факультета исторического и современного исполнительского искусства московской консерватории. Лауреат международных конкурсов и фестивалей (соло и ансамбли).|Продолжительность 1 час 10 минут, 1 отделение|*в программе возможны изменения",D:/home/projects/galaxy/scraping/git-scraping-redom/images/IMAGES_2021_3_17-2021_3_20-ALL/Фестиваль «Эклектика»: 12 фантазий для птицы и микроволновки.jpg,Фестиваль «Эклектика»: 12 фантазий для птицы и микроволновки,Филармония|Зал торжеств,19:00,concerts
2021-03-18,"… Двести лет назад совершилась первая российская кругосветная экспедиция, которую возглавлял Николай Резанов. Прибыв в Калифорнию, он встретил дочь губернатора Сан-Франциско Кончиту. Их начавшийся роман был прерван срочным отъездом графа в Россию. Кончита ждала его 35 лет до тех пор, пока не получила достоверных сведений о его смерти, после чего ушла в монастырь.  Эта  история вдохновила поэта Андрея Вознесенского на написание поэмы «Авось», которая позднее была переработана в либретто рок-оперы.",D:/home/projects/galaxy/scraping/git-scraping-redom/images/IMAGES_2021_3_17-2021_3_20-ALL/Юнона и Авось.jpg,Юнона и Авось,Музыкальный театр,19:00,theater
2021-03-18,"Напомним, первенство мира по фристайлу и сноуборду впервые в истории соревнований пройдет одновременно на одном объекте. Ожидается, что в международных стартах примут участие спортсмены из 40 стран. На соревнованиях будет разыграно 30 комплектов наград во всех дисциплинах фристайла и сноуборда.|Отметим, что первенство мира по фристайлу и сноуборду 2021 года пройдет с соблюдением всех необходимых мер противодействия коронавирусной инфекции. При входе на объект для зрителей будет организовано измерение температуры тела. Во время соревнований болельщикам необходимо быть в маске и соблюдать социальную дистанцию.|СНОУБОРД: Слоуп-стайл|11:40-13:30 Квалификация Ж|14:25-19:00 Квалификация М|ФРИСТАЙЛ: Акробатика|15:35-16:05 Квалификация Ж|18:05-18:35 Квалификация М|19:50-20:00 Церемония открытия|20:00-21:05 Финалы|ФРИСТАЙЛ: Хаф-пайп|16:25-17:55 Квалификация Ж|19:10-22:00 Квалификация М|СНОУБОРД: Слоуп-стайл|11:30-11:45 Церемония открытия|11:45-14:41 Финалы М/Ж|ФРИСТАЙЛ: Акробатика. Командное соревнование|17:55-18:55 Квалификация|19:55-20:00 Церемония открытия|20:00-21:20 Финалы М/Ж|ФРИСТАЙЛ: Хаф-пайп|18:10-18:15 Церемония открытия|18:20-19:35 Полуфиналы М/Ж|20:10-21:05 Финалы М/Ж|ФРИСТАЙЛ: Слоуп-стайл|08:40-10:05 Квалификация Ж|11:20-14:05 Квалификация М|СНОУБОРД: Биг-эйр|15:30-16:55 Квалификация Ж|18:35-22:35 Квалификация М|ФРИСТАЙЛ: Слоуп-стайл|08:55-10:00 Полуфиналы М/Ж|10:25-10:33 Церемония открытия|10:33-11:24 Финалы М/Ж|СНОУБОРД: Биг-эйр|12:55-13:10 Церемония открытия|13:10-14:40 Финалы М/Ж|ФРИСТАЙЛ: Могул|16:15-18:30 Квалификация|19:50-20:00 Церемония открытия|20:00-21:30 Финалы М/Ж|ФРИСТАЙЛ: Биг-эйр|08:55-10:20 Квалификация Ж|11:35-14:20 Квалификация М|СНОУБОРД: Хаф-пайп|16:35-18:05 Квалификация Ж|18:55-22:10 Квалификация М|ФРИСТАЙЛ: Парный могул М/Ж|17:50-18:50 Предварительные заезды|19:45-20:00 Церемония открытия|20:00-20:56 Финалы|СНОУБОРД: Сноуборд-кросс|09:45-13:15 Квалификация М/Ж|13:15-13:25 Церемония открытия|13:30-14:20 Полуфиналы, Финалы М/Ж|ФРИСТАЙЛ: Биг-эйр|09:45-09:50 Церемония открытия|09:55-11:00 Полуфиналы|11:20-12:05 Финалы|СНОУБОРД: Хаф-пайп|19:45 Церемония открытия|20:00-21:48 Финалы М/Ж|СНОУБОРД: Сноуборд-кросс|10:25-10:35 Церемония открытия|10:40-11:15 Полуфиналы, Финалы М/Ж|СНОУБОРД: Параллельный слалом гигант М/Ж|09:00-11:00 Квалификация|11:50-11:58 Церемония открытия|12:00-13:30 Финалы М/Ж|СНОУБОРД: Параллельный слалом М/Ж|09:00-11:00 Квалификация|11:50-11:58 Церемония открытия|12:00-13:30 Финалы М/Ж|ФРИСТАЙЛ: Ски-кросс М/Ж|15:15-16:55 Квалификация М/Ж|16:55-17:05 Церемония открытия|17:10-18:00 Финалы М/Ж|СНОУБОРД: Параллельный слалом. Командное|соревнование|08:20 Церемония открытия|08:30-11:00 Квалификация, финалы М/Ж|ФРИСТАЙЛ: Ски-кросс. Командное соревнование|13:30-14:10 Квалификация|14:10-14:20 Церемония открытия|14:25-15:00 Полуфиналы, Финалы",D:/home/projects/galaxy/scraping/git-scraping-redom/images/IMAGES_2021_3_17-2021_3_20-ALL/Первенство мира по фристайлу и сноуборду.jpg,Первенство мира по фристайлу и сноуборду,Спорткомплекс «Сопка»,11:40,sport
2021-03-18,"Путешествие по закрытым для обычных зрителей пространствам театра, знакомство с разными техническими системами кукол, погружение в тайны профессионального мастерства.",D:/home/projects/galaxy/scraping/git-scraping-redom/images/IMAGES_2021_3_17-2021_3_20-ALL/Экскурсия «Профессиональный театр кукол».jpg,Экскурсия «Профессиональный театр кукол»,Театр кукол,18:00,shows
2021-03-18,"Всех, кто давно хотел побывать на экскурсии по музею, но не мог найти компанию, мы будем ждать на специальных экскурсиях для одиночных посетителей.|Наши экскурсоводы расскажут вам историю края с древнейших времен до современности: когда началось активное заселение Приенисейского края, какие коренные народы проживают на нашей территории, когда и для чего был основан Красноярск, что в XIX веке происходило с городом и губернией и т.д.",D:/home/projects/galaxy/scraping/git-scraping-redom/images/IMAGES_2021_3_17-2021_3_20-ALL/Обзорная экскурсия «Сказания о земле Енисейской».jpg,Обзорная экскурсия «Сказания о земле Енисейской»,Краеведческий музей,16:00,shows
2021-03-18,"Приглашаем всех желающих на обзорную экскурсию по одному из самых уютных музеев нашего города - музею-усадьбе Г.В. Юдина. Участников ожидает знакомство с биографией купца Геннадия Васильевича Юдина и историей его знаменитой библиотеки, а также жизнью декабристов в Енисейской губернии.|Почему Юдин занимался винокурением и какие горячительные напитки производили на его Леонидовском заводе? Какая из дочерей Геннадия Васильевича отличалась самыми революционными взглядами на женское образование? Какие зерновые культуры благодаря декабристам появились в Сибири? Все это и многое другое вам расскажут наши экскурсоводы!",D:/home/projects/galaxy/scraping/git-scraping-redom/images/IMAGES_2021_3_17-2021_3_20-ALL/Экскурсия «Знакомство с Юдинкой».jpg,Экскурсия «Знакомство с Юдинкой»,Музей-усадьба Г.В. Юдина,15:00,shows
2021-03-19,"Программа концерта создана специально для фестиваля «Эклектика» и сочетает в себе произведения эпохи барокко разных стран — Франции, Германии, Италии. Этим вечером прозвучит музыка для тонких ценителей искусства эпохи барокко и аутентичного исполнительства.|Скрипач, певец (контратенор) и дирижёр Дмитрий Синьковский специализируется на исполнении барочной музыки. Артист чрезвычайно востребован в Европе; он — лауреат международных конкурсов скрипачей Premio Bonporti в Роверето, имени И. С. Баха в Лейпциге, Musica Antiqua в Брюгге, имени Г. И. Ф. фон Бибера в Австрии и имени Г. Ф. Телемана в Магдебурге. Выступал с известными коллективами в Финляндии, Канаде, Бельгии, Нидерландах и других странах. В 2014 году стал приглашённым солистом Большого театра РФ. Играет на скрипке кремонского мастера Франческо Руджери (1675), предоставленной фондом Jumpstart (Нидерланды).|В 2011 году Дмитрий Синьковский основал в Москве ансамбль старинных инструментов La Voce Strumentale, собравший музыкантов — победителей международных конкурсов. Коллектив регулярно выступает на самых престижных площадках Москвы, среди которых Большой театр, Зарядье, Большой зал Московской государственной консерватории, Третьяковская галерея и др. После многих лет совместной работы музыканты создали уникальный язык, основанный на историческом темпераменте, безграничной энергии и безупречной технике, завоевали репутацию обладателей яркого и харизматичного звука.|Программа:|И. С. Бах. Концерт для клавесина, струнных и бассо континуо ля мажор Dur BWV 1055 (Александра Коренева, клавесин)|Ж. Буамортье. Концерт ре мажор для виолончели, струнных и бассо континуо (Игорь Бобович, виолончель)|А. Вивальди. Концерт для скрипки, струнных и клавесина ре минор RV 242 “PER PISENDEL” (Дмитрий Синьковский, скрипка)|Г. Ф. Телеман. Концерт для скрипки, струнных и бассо континуо TWV 51:B1 си мажор|И. А. Хассе. Адажио и фуга соль минор для струнных и бассо континуо|А. Вивальди. Концерт для скрипки, струнных и бассо континуо ре мажор D-Dur RV 208 “GROSSO MOGUL” (Дмитрий Синьковский, скрипка)|Продолжительность 1 час 15 минут , 1 отделение",D:/home/projects/galaxy/scraping/git-scraping-redom/images/IMAGES_2021_3_17-2021_3_20-ALL/Фестиваль «Эклектика»: Дмитрий Синьковский (скрипка) и ансамбль La Voce Strumentale.jpg,Фестиваль «Эклектика»: Дмитрий Синьковский (скрипка) и ансамбль La Voce Strumentale,Филармония|Малый зал,19:00,concerts
2021-03-19,"В основе истории – роман французского писателя Шодерло де Лакло. Это сатира на французскую знать 18 века, которую интересуют лишь интриги, измены и обман. Главные герои - бывшие любовники маркиза де Мертей и виконт де Вальмон, вступают в опасную игру, в которой на кону стоит не только жизнь несчастной наивной девушки Сесиль, но и их самих.",D:/home/projects/galaxy/scraping/git-scraping-redom/images/IMAGES_2021_3_17-2021_3_20-ALL/Опасные связи.jpg,Опасные связи,Драматический театр им. А.С. Пушкина|Большая сцена,19:00,theater
2021-03-19,"Жена - с любовником, и вдруг - муж из командировки! Как быть! Любовника - в шкаф!! Но не тут то было! И началось - балкон , вор, шпион, любовь, ревность, захватывающие повороты сюжета - словом, то, за что все мы любим комедию.","D:/home/projects/galaxy/scraping/git-scraping-redom/images/IMAGES_2021_3_17-2021_3_20-ALL/Он, она, шпион, балкон.jpg","Он, она, шпион, балкон",Дом актера,19:00,theater
2021-03-19,"Кто такие «коренные народы» и сколько их проживает на территории Красноярского края? В каких жилищах живут энцы? Чем юрта отличается от балка, ненецкий чум от эвенкийского, а лодка долбленка от лодки берестянки? В чем особенность оленеводства кетов? Что такое ритуальная стрела и зачем к ней привязывали ленты? А также кто такие шаманы, что связывает мамонта с крысами и много других «интересностей» ожидает участников экскурсии.",D:/home/projects/galaxy/scraping/git-scraping-redom/images/IMAGES_2021_3_17-2021_3_20-ALL/Экскурсия «Этнографический карнавал».jpg,Экскурсия «Этнографический карнавал»,Краеведческий музей,14:00,shows
2021-03-19,"Волшебное и познавательное занятие, участников которого ждет знакомство с особенностями жизненного уклада, предметами быта и мифологией коренных народов севера. Гости музея научатся разрисовывать бубен, соберут «древо жизни», почитают самобытные сказки, послушают, как звучит варган, посмотрят мультфильм, созданный по мотивам кетского мифа о происхождении Енисея, и даже создадут собственное северное сияние!|Занятие рассчитано на детей от 5 лет.|Обязательна предварительная запись.",D:/home/projects/galaxy/scraping/git-scraping-redom/images/IMAGES_2021_3_17-2021_3_20-ALL/Занятие «Северная сказка».jpg,Занятие «Северная сказка»,Литературный музей им. В.П. Астафьева,14:00,shows
2021-03-19,"Гостям музея предстоит пересчитать все косточки белухи, послушать серенаду кита, опуститься на мелководье и посмотреть как происходит линька у белух, а также узнать кого называют «морской канарейкой», как киты кормят своих детенышей, сколько литров молока выпивает один теленок и многое-многое другое.|Завершится путешествие на дно Карского моря мастер-классом «Китовая почта», участники которого напишут пожелания китам, украсив письмо ракушками, водорослями и морскими камнями, или «Кит-магнит», на котором можно будет раскрасить магнит и забрать его на память.|Расписание мастер-классов можно узнать по телефону.",D:/home/projects/galaxy/scraping/git-scraping-redom/images/IMAGES_2021_3_17-2021_3_20-ALL/Экскурсия «Музейный дайвинг» с мастер-классом.jpg,Экскурсия «Музейный дайвинг» с мастер-классом,Краеведческий музей,12:00,shows
2021-03-19,"Экскурсия в игровой форме «Закулисье театра кукол» (6+) -  это волшебное путешествие по театру, знакомство с различными персонажами из спектаклей и веселая театральная игра.",D:/home/projects/galaxy/scraping/git-scraping-redom/images/IMAGES_2021_3_17-2021_3_20-ALL/Экскурсия «Закулисье театра кукол».jpg,Экскурсия «Закулисье театра кукол»,Театр кукол,10:00,shows
2021-03-19,"«Лебединое озеро» – фантастическая легенда-сказка о любви и верности, об испытаниях человеческой души, о демонических силах, вовлекающих человека в мир потрясений и страстей. Эти вечные темы и великая музыка П.И. Чайковского делают этот балет бессмертным.|Премьера балета П. Чайковского «Лебединое озеро» по оригинальной партитуре композитора в первой редакции и первой редакции либретто. Это творение П. Чайковского получило сценическое воплощение 20 февраля 1877 года в Большом театре России в хореографии Вацлава Рейзингера. Для постановки в Мариинском театре (премьера состоялась 15 января 1895 года) была сделана новая, полярная первой редакции балета, версия Петипа-Иванова, которая имеет широчайшую известность во всем мире. Однако Петипа совместно с композитором Дриго серьёзно изменили партитуру, поменяв порядок номеров и дописав большое количество музыкального материала. Постановка получилась более салонной, в отличие от замысла Чайковского, который сочинял балет как драматический и в партитуре «Лебединого озера», напоминающей эмоциональной патетикой лучшие симфонические и оперные произведения композитора, отразил свои эстетические взгляды на музыку. На сцене Красноярского театра оперы и балета будет воплощен спектакль, созданный по первоначальному замыслу композитора.|В либретто, соавтором которого является П. Чайковский, нашли отражение основные темы и образы романтического искусства XVIII века, которым так увлекался композитор: полярность  мечты и действительности, стремление к идеалу и невозможность его обрести, надежда на счастье и её крушение, невольное предательство и искупление вины ценою жизни.|Одетта, царица лебедей, — от рождения сказочная фея, принадлежащая миру свободных стихий, и ей хорошо в её птичьем обличии. Она вольна в своих поступках, поэтому, полюбив земного человека и понимая всю трагичность и обречённость этой любви, всё же делает выбор в пользу последней. Природная стихия, олицетворяющая собой абсолютную свободу: свободу в поступках, свободу в любви и свободу выбора — погибнуть во имя любви, избежав предательства, — такова первооснова сочинения композитора, и в этом проявился его драматический гений. В версии Петипа-Дриго Одетта — околдованная чарами злого волшебника девушка. Она вынуждена подчиняться обстоятельствам, являя собой символ несвободы, плена. И в этом состоит концептуальная разница между различными редакциями творения, принадлежащего перу великого русского композитора.|Сценографию к спектаклю разрабатывает известный австрийский театральный художник, профессор Гаагской академии художеств Хартмут Шоргхофер, работающий в престижных оперных домах по всему миру. Поддерживая идею воссоздания первой редакции балета «Лебединое озеро», центральным элементом сценографического решения Х. Шоргхофер сделал картину Карла Вальца, созданную к постановке 1877 года. Вместе с тем, впервые балет будет поставлен в сложных декорациях с применением технологий, близких к задумкам К. Вальца.",D:/home/projects/galaxy/scraping/git-scraping-redom/images/IMAGES_2021_3_17-2021_3_20-ALL/Лебединое озеро.jpg,Лебединое озеро,Театр оперы и балета,19:00,theater
2021-03-19,"«Казанова» – новый мюзикл от Кима Брейтбурга, знаменитого композитора, продюсера, постановщика «Голубой камеи», проекта, который уже два года  пользуетсябольшим успехом у красноярских зрителей. Премьера мюзикла обещает стать самым ярким событием весны 2013 и шикарным подарком для любой дамы. «Казанова» впервые будет представлен зрителям именно в Красноярске на сцене Музыкального театра 8 марта 2013 года в 18.00.|Мюзикл «Казанова» – это:|– Увлекательная авантюрная история: интриги и тайны, встречи и расставания, погони и эффектные бои, шуточные ситуации и неугасаемый  оптимизм даже в решении самых сложных проблем,  предательство и, конечно же,  любовь. Неожиданный сюжет и оригинальное решение всемирно известной легенды. Такого Казанову  ещё не видел свет!|– Разножанровые музыкальные и хореографических номера, срез самых популярных эстрадных направлений современности.|– Команда суперпрофессионалов:| – композитор, продюсер, заслуженный деятель искусств РФ. Музыкальный продюсер проектов «Народный артист», «Битва хоров», автор более 600 песен, продюсер и постановщик многочисленных эстрадных шоу и мюзиклов.| – старший преподаватель кафедры вокала и вокального ансамбля эстрадно-джазового факультета Российской Академии Музыки им. Гнесиных.  В числе её учеников: финалисты проекта «Народный Артист», работала со звездами эстрады первой величины. Главный хормейстер проекта «Битва хоров», педагог по вокалу телевизионного проекта Аллы Пугачевой «Фактор А».| – художественный руководитель и главный балетмейстер Московского Государственного Ансамбля Танца «Русские сезоны», заслуженный деятель искусств РФ. Хореограф–постановщик и режиссер-постановщик концертов, театральных постановок, шоу-программ как в России, так и за рубежом.| – автор либретто мюзикла «Казанова», поэт. Многократный лауреат фестивалей «Песня года», «Новые песни о главном», «Шансон года», украинского фестиваля «Шлягер року», автор песен для многих известны сериалов: и художественных фильмов.|– Удивительный актерский состав:|Марина Вишневская, Анастасия Козлова, заслуженная артистка РФ Галина Кичка, Марина Малькович, Габриель Арма, Дмитрий Злобин, Алексей Орлов,  заслуженные артисты РФ Михаил Михайлов и Владислав Питальский и др.",D:/home/projects/galaxy/scraping/git-scraping-redom/images/IMAGES_2021_3_17-2021_3_20-ALL/Казанова.jpg,Казанова,Музыкальный театр,19:00,theater
2021-03-19,"Двое мужчин и две женщины 30-35 лет, рассказывающие истории двух семейных пар, которые счастливо прожили вместе всю жизнь, а перед смертью с ними произошли странные события. На мой взгляд, в спектакле было бы интересно больше узнать о самих героях: кто эти люди, почему они рассказывают нам свои истории, зачем вообще придумывают себе иллюзии, заполняют жизнь мечтами о большой любви?|Пьеса очень здорово придумана: в ней есть «воздух», возможность пофантазировать, покрутить текст и найти именно ту историю, которая попадет в тебя. А поводов, чтобы чисто по-человечески зацепиться за него, много. Буквально за каждым поворотом сюжета возникает очень живая и близкая большинству людей жизненная ситуация. Иногда это настолько точное совпадение в мыслях о людях, об отношениях, о любви, что кажется: автор тебя подслушал.",D:/home/projects/galaxy/scraping/git-scraping-redom/images/IMAGES_2021_3_17-2021_3_20-ALL/Иллюзии.jpg,Иллюзии,Драматический театр им. А.С. Пушкина|Камерная сцена,19:00,theater
2021-03-18,"Ребята попадут в каменный век и познакомятся с жизнью древнего человека: научатся строить жилище, выделывать шкуры животных, охотиться и рисовать углем. Все участники смогут потрогать настоящие бивень и зуб мамонта, а также каменные скребла, изготовленные древним человеком тысячи лет назад.",D:/home/projects/galaxy/scraping/git-scraping-redom/images/IMAGES_2021_3_17-2021_3_20-ALL/Экскурсия «Каменный век».jpg,Экскурсия «Каменный век»,Краеведческий музей,14:00,shows
2021-03-18,"Что такое театр кукол? |Это волшебная страна чудес и добра, попадая в которую ребенок учится видеть и слышать прекрасное, духовно обогащается, приобщается к культурным ценностям. |Но кто создает этот особенный мир? Кто оживляет кукол? Как устроен Красноярский  театр кукол? На эти и многие другие вопросы можно получить ответы, посетив с ребенком экскурсию «Секреты театральных кукол».",D:/home/projects/galaxy/scraping/git-scraping-redom/images/IMAGES_2021_3_17-2021_3_20-ALL/Экскурсия «Секреты театральных кукол».jpg,Экскурсия «Секреты театральных кукол»,Театр кукол,10:00,shows
2021-03-18,"В этом старом-старом доме обитают Довольно Громоздкий Письменный Стол, Очень Нервный Венский Стул, Весьма Зеркальный Шкаф и, конечно, Ужасно Скрипучая Дверь, в сердце которой живёт чудесная музыка. Правда, когда наша Дверь пытается выпустить эту музыку наружу, окружающие затыкают уши. Но однажды случится чудо, и она превратится в Прекрасно Скрипичную.|Волшебная музыкальная история для детей и взрослых об одиночестве и новой жизни по сказке современного писателя Евгения Клюева.|Режиссёр Алёна Волкова, студентка мастерской Руслана Кудашова факультета театра кукол в Российском государственном институте сценических искусств.",D:/home/projects/galaxy/scraping/git-scraping-redom/images/IMAGES_2021_3_17-2021_3_20-ALL/Ужасно Скрипучая Дверь.jpg,Ужасно Скрипучая Дверь,Театр кукол,19:00,theater
2021-03-18,"Пьеса «Смерть Тарелкина» поставлена по мотивам одноименного произведения А. В. Сухово-Кобылина. Пьеса является заключительной частью драматургической трилогии, в которую входят «Свадьба Кречинского» и «Дело». Пьесы «Дело» и «Смерть Тарелкина» были написаны Сухово-Кобылиным под впечатлением конкретного судебного следствия проходящего над ним самим – дела по подозрению его в убийстве своей сожительницы Луизы Симон-Диманш.|Пьеса не имела сценической истории до революции и подвергалась жесткой цензуре за свой остросатирический характер.|По сюжету, Кандид Тарелкин запутался в собственных долгах. Чтобы избавиться от назойливых кредиторов и заодно выманить круглую сумму у своего начальника Варравина, он инсценирует собственную смерть. Похороны Тарелкина превращаются в фарс, где в гробу хоронят тухлую рыбу. Ситуация усугубляется тем, что квартальный надзиратель Расплюев признает в Тарелкине вурдалака, сосущего кровь, и задерживает его. Так начинается «дело о вурдалаках», которое поднимет с ног на голову весь город...|«Смерть Тарелкина» – это жесткая фантасмагория о русской жизни, актуальная на любом отрезке истории, когда расцветали беззаконие и тирания.|Автор продолжает сатирические традиции русской литературы, начатые Н.В. Гоголем и М.Е. Салтыковым-Щедриным. Вместе с тем, пьеса «Смерть Тарелкина» более абсурдна и гротескна. В произведении нет положительных персонажей, «нет людей – все демоны».|В отечественной критике «Смерть Тарелкина» осталась как образец обличительной литературы и комедия нравов.|По силе негодования, каким дышит здесь сатира Сухово-Кобылина, «Смерть Тарелкина» резче и язвительнее всего, что до сих пор произвела русская обличительная драматургия.",D:/home/projects/galaxy/scraping/git-scraping-redom/images/IMAGES_2021_3_17-2021_3_20-ALL/Смерть Тарелкина.jpg,Смерть Тарелкина,Драматический театр им. А.С. Пушкина|Большая сцена,19:00,theater
2021-03-18,"30 января в Красноярском музыкальном театре состоится премьера спектакля «Мне осталась одна забава…». Это музыкально-драматическая постановка, в которой раскрывается противоречивая натура певца крестьянской Руси – Сергея Есенина.|Режиссёр-постановщик заслуженный артист России Юрий Цехановский явит нам образ поэта, отличающийся от того, к которому мы привыкли со школы. Режиссёр проанализировал жизненные ситуации Сергея Есенина, которые послужили импульсом к созданию стихов, а также обратился к воспоминаниям современников, знавших поэта в разные периоды жизни. Это позволило глубоко раскрыть творчество одного из самых неординарных творцов Серебряного века.",D:/home/projects/galaxy/scraping/git-scraping-redom/images/IMAGES_2021_3_17-2021_3_20-ALL/Мне осталась одна забава....jpg,Мне осталась одна забава...,Музыкальный театр|Малый зал,19:00,theater
2021-03-18,"Режиссер Сергей Черных  вместе с актерами театра исследует природу гениальности, личности музыканта, артиста, художника  в современном мире, где балом правят продюсеры и эффективные менеджеры. Почему искренние чувства, любовь и семья так часто несовместимы с карьерой в искусстве? Нужно ли закрываться в своем «футляре» ради успеха и славы?|Спектакль об обаянии таланта и отчаянном одиночестве, о цене наших ошибок.|Главную роль гениальной пианистки Лив Штайн исполняет заслуженная артистка России Елена Привалихина. В спектакле заняты:  заслуженный артист России Виктор Лосьянов, Анастасия Медведева, Надежда Крутова, Виктория Болотова.|фото: Виктория Лискова",D:/home/projects/galaxy/scraping/git-scraping-redom/images/IMAGES_2021_3_17-2021_3_20-ALL/Лив Штайн.jpg,Лив Штайн,Драматический театр им. А.С. Пушкина|Малый зал,19:00,theater
2021-03-18,"Добро пожаловать в кабачок «Разбитое сердце»! Как во всяком достойном заведении, здесь есть импозантный официант, экзальтированная певица, исполняющая душещипательные романсы, и вполне добропорядочная публика.|За столиками этого кафе встречаются герои юмористических рассказов Антона Чехова и Аркадия Аверченко. Они любят, страдают, ссорятся и попадают в нелепые, почти водевильные ситуации. А зрители становятся свидетелями сердечных драм и соучастниками событий, происходящих на сцене.",D:/home/projects/galaxy/scraping/git-scraping-redom/images/IMAGES_2021_3_17-2021_3_20-ALL/Кабачок «Разбитое сердце».jpg,Кабачок «Разбитое сердце»,Театр юного зрителя|Малая сцена,19:00,theater
2021-03-18,"Дорогие дети, прийти на этот спектакль вы можете с мамой и даже бабушкой, но учтите, что его главные герои, движители действия – это папы.|В спектакле два действия, у которых разные авторы – англичанин Дэвид Алмонд и француз Бернар Фрио, разные режиссёры, и, конечно, папы там тоже совсем разные.  Один, мечтатель и фантазёр, верит, что умеет летать и может научить этому дочь. Второй разработал для сына собственную воспитательную систему, которой педантично следует (а мама ему помогает!).|Объединяет эти трогательные и смешные истории любовь. К детям, родителям и чудесам.|Режиссёры: Максим Морозов и Михаил Кулишкин, студенты мастерской Руслана Кудашова факультета театра кукол в Российском государственном институте сценических искусств.",D:/home/projects/galaxy/scraping/git-scraping-redom/images/IMAGES_2021_3_17-2021_3_20-ALL/Папины истории.jpg,Папины истории,Театр кукол,12:00,theater
2021-03-18,"Формат мероприятия: музыкальные занятия|Творческие занятия для мам или пап, которые желают научиться азам ранней музыкальной педагогики и узнать, как можно развить в ребёнке музыкальность с самых ранних лет.|Занятия для малышей от 1 года до 2 лет и их родителей ведёт орф-педагог, солистка и ведущая музыкально-образовательного коллектива «СВЕТ-квартет» Елена Фёдорова. Ведущая знакомит малышей с музыкой классической, детской, русской народной, вокальной, инструментальной. Родители узнают, как и какую музыку слушать с ребёнком дома и самостоятельно играть с ним в музыкальные игры.|Продолжительность 40 минут, 1 отделение|* Билеты необходимо приобретать как для родителя, так и для ребёнка",D:/home/projects/galaxy/scraping/git-scraping-redom/images/IMAGES_2021_3_17-2021_3_20-ALL/Бэби-филармония: От 1 года до 2 лет.jpg,Бэби-филармония: От 1 года до 2 лет,Филармония|Фойе Камерного зала,11:00,concerts
2021-03-17,"Коллекция японской раскрашенной фотографии эпохи Мэйдзи (1868–1912) из фондов «Мультимедиа Арт Музея, Москва». На сегодняшний день эта коллекция считается одной из крупнейших в Европе.|В Музейном центре «Площадь Мира» будет представлено более 90 фотографий – цифровых отпечатков с фотографий из коллекции МАММ.|Раскрашенная фотография – это особое явление, которое стоит на пересечении нескольких традиций: европейской фотографии и японских традиционных видов искусства. Ее сюжеты и мотивы напоминают цветную гравюру на дереве (ксилографию) укиё-э, которая также переживала расцвет в XIX веке.|Название жанра переводится с японского как «картины преходящего мира». Искусство гравюры того времени было поразительно созвучно фотографии – оба искусства тиражные, в них так или иначе присутствует цвет, они рассчитаны на широкую публику (в это время японскую гравюру начинают коллекционировать и за пределами Японии). Сюжеты авторы искали в многообразии городской жизни, пытаясь запечатлеть ускользающую действительность и превращая ее в эфемерное изображение на хрупкой бумажной основе.|Фотографии раскрашены не полностью, как это было принято, например, на Западе, а частично – для расстановки визуальных акцентов.|В экспозиции соседствуют снятые на улицах постановочные кадры со статистами и мизансцены, полностью сконструированные в фотоателье, где гейш и самураев изображают переодетые актеры. Но при этом во многих композициях невольно проскальзывает неподвластное художнику дыхание жизни: смазанные фигуры-призраки на улицах, непосредственное проявление эмоций у второстепенных персонажей, а также особая пластика реалий: садов, архитектуры, интерьеров, костюмов, аксессуаров и предметов обихода.",D:/home/projects/galaxy/scraping/git-scraping-redom/images/IMAGES_2021_3_17-2021_3_20-ALL/Старинная японская фотография.jpg,Старинная японская фотография,Музейный центр «Площадь Мира»,11:00,exhibitions
2021-03-17,"Музейный центр «Площадь Мира» и московская галерея «Триумф» представляют персональную выставку Сергея Филатова «Сад ускользающих соноров: звуковая архитектура». В экспозицию входят звуковые скульптуры, инсталляции, живописные и графические работы художника.| |Выставка открывает перед слушателем и зрителем поле художественного исследования звука, которое представлено в шести инсталляциях. Сергей Филатов создает произведения, балансирующие между чувственностью и технологическими стратегиями, вещественностью и имматериальными вибрациями, математической выверенностью и рукотворностью. Художника интересуют парадоксальные взаимодействия, которые раскрывают акустические свойства материалов – металлов, стекла, полимеров.| |Инсталляция «Сад ускользающих соноров» представляет собой музыкальное произведение, инструментом для проигрывания которого служат стальные листы. В резервуарах скульптуры «Восходящий поток» цепочки пузырьков создают звуковые текстуры. Звуковая инсталляция «Параллельное касание» — своеобразный хрустальный метроном. В сочетании со звуковыми скульптурами в экспозицию включены графические работы из цикла «В поисках плавающей точки» и серия живописи «Горизонт вечности».|Сергей Филатов — член Союза художников России и Международной ассоциации изобразительных искусств ЮНЕСКО, резидент Российского сообщества саунд-арта, номинант и лауреат нескольких премий в области современного искусства, неоднократный участник международных выставок (в том числе 58-я Венецианская биеннале современного искусства и вторая Триеннале современного российского искусства. Произведения Сергея Филатова были показаны на многих международных площадках современного искусства.",D:/home/projects/galaxy/scraping/git-scraping-redom/images/IMAGES_2021_3_17-2021_3_20-ALL/Сад ускользающих соноров: звуковая архитектура.jpg,Сад ускользающих соноров: звуковая архитектура,Музейный центр «Площадь Мира»,11:00,exhibitions
2021-03-17,"Ироничные работы рассказывают о вымышленной биографии братьев-близнецов Ульяновых: в лавке, с женами, в Кремле.|Серия фотомонтажных фантазий Рината Волигамси (Уфа) «воссоздает затерявшиеся страницы» жизни архетипического персонажа мировой истории Владимира Ленина. Уже со времен Сальвадора Дали и Энди Уорхола Ленин стал популярным персонажем в современном искусстве.|Волигамси добавил в сюрреалистическую лениниану фигуру брата-близнеца – Сергея Ильича Ульянова. Помещала двойника в непривычный географический, этнографический и социальный контекст – то родной Башкирии, то далекой Мексики, автор «вымысла истории» играет с механизмами идеологии и пропаганды.|Впервые в музее серия была выставлена в 2008 году. К имеющимся историям автор специально добавил три коллажа, посвященных Тунгусскому феномену.|В стенах бывшего музея Ленина «братский» проект Волигамси обрел особенное звучание.|Работы из коллекции Музейного центра «Площадь Мира»",D:/home/projects/galaxy/scraping/git-scraping-redom/images/IMAGES_2021_3_17-2021_3_20-ALL/Неофициальный альбом.jpg,Неофициальный альбом,Музейный центр «Площадь Мира»,11:00,exhibitions
2021-03-17,"17 марта 2021 года в Музее художника Б.Я. Ряузова откроется выставка дипломных работ выпускников кафедры «Графика» художественного факультета Сибирского государственного института искусств имени Дмитрия Хворостовского с традиционным названием «Начало».|В 2020 году защита дипломных работ проводилась онлайн. Как справились студенты-выпускники с новым вызовом времени?|В экспозицию включены шесть графических серий (56 листов), выполненных молодыми художниками в техниках печатной и уникальной графики: торцовая ксилография, пастель, акварель. В основе представленных произведений – литературные образы: «Петербург» Андрея Белого, «Посторонний» Альбера Камю, «Любовь к трем апельсинам» Карло Гоцци, «Пиковая дама» Александра Пушкина, загадочный литературный «Город N», метафорические «Параллели»… Художник-график в работе над книжными иллюстрациями, прежде чем приступить к творчеству, должен вчитаться в текст, определить наиболее яркие, выразительные сюжеты.|Выпускники творили под руководством известных красноярских художников, преподавателей кафедры графики:|Германа Суфадиновича Паштова – народного художника России, действитель-ного члена Российской академии художеств, профессора, основателя Школы ксилографии, и |Валентина Павловича Теплова – заслуженного художника России, действи-тельного члена Российской академии художеств, профессора, завкафедрой графики.|Работая над дипломом, молодые художники не только оттачивают техническое мастерство, но и ищут свой индивидуальный авторский стиль, благодаря которому только и может образоваться со временем настоящий Художник.|Кем станут выпускники-2020? Решатся ли на непростую судьбу художника? Будут ли создавать уникальные произведения, иллюстрации к шедеврам литературы? Внесут ли искусство в нашу повседневность, оформляя пространства? А возможно, по примеру своих учителей воспитают новые поколения художников, которыми будут гордиться? Покажет время. |А сейчас все они – в начале пути.",D:/home/projects/galaxy/scraping/git-scraping-redom/images/IMAGES_2021_3_17-2021_3_20-ALL/Начало.jpg,Начало,Музей художника Б. Я. Ряузова,11:00,exhibitions
2021-03-17,"Проект организован  Галерей Люмьер, Фондом Still Art, Музейным центром «Площадь Мира» и Натальей Сипетой, в рамках регионального просветительского проекта, организованного Фондом Still Art в 2020 году.|Выставка «Настроение эпохи. ХХ век глазами Родченко и Лагранжа» занимает два этажа музея. На первом находится ретроспектива Владимира Лагранжа – автора, чье творчество стало олицетворением «оттепельных» 60-х. Непреодолимое желание фотографа наблюдать за миром, его внимание к людям, удивительное чувство духа эпохи подарили человечеству большой и серьезный архив. На втором этаже – выставка работ выдающегося художника русского авангарда Александра Родченко из коллекции фонда Still Art, созданного Еленой и Михаилом Карисаловыми. В экспозицию вошли работы Родченко разных лет, начиная с первых фотографических опытов 1920-х до конца 1930-х годов.|Аудиогид  с информацией о работах Владимира Лагранжа озвучил музыкант Андрей Макаревич. Аудиогид с информацией о работах Александра Родченко озвучил актер Юрий Колокольников. Также в пространстве выставки можно изучить книги Центра фотографии имени братьев Люмьер.|Открытие выставки состоится 4 марта в 18:00, в программе экскурсия от организаторов выставки, Галереи Люмьер (Москва), и небольшой приятный сюрприз. Количество билетов ограничено.|На обложке: |Александр Родченко|Лестница, 1929|© Предоставлено Фондом Стилл Арт",D:/home/projects/galaxy/scraping/git-scraping-redom/images/IMAGES_2021_3_17-2021_3_20-ALL/Настроение эпохи. ХХ век глазами Родченко и Лагранжа.jpg,Настроение эпохи. ХХ век глазами Родченко и Лагранжа,Музейный центр «Площадь Мира»,11:00,exhibitions
2021-03-17,"Проект 13 филиала Центрального музея В.И. Ленина. Из архива Арэга Демирханова и коллекции Музейного центра «Площадь Мира».|В конце 2020 года Музейный центр «Площадь Мира» получил в свою коллекцию схемы, чертежи, письма, фотографии, бумаги, рисунки, таблицы и многое другое из личного архива Арэга Демирханова, архитектора музея. Часть была опубликована на сайте и в социальных сетях музея. Сегодня их можно увидеть на выставке «Музейная скала». Выставка дополнена предметами из коллекции музея, например, деревянным макетом здания или «ключом», который строители передали директору музея в день открытия.|Архитектор во многом определил внешний облик Красноярска. В числе его наиболее известных работ – застройка и благоустройство площади 350-летия Красноярска со зданием городской администрации и гостиницей «Красноярск», застройка и благоустройство площади Мира, здание Музейного центра и Красноярской краевой филармонии, реконструкция зданий Красноярского театра кукол и Красноярского музыкального театра.",D:/home/projects/galaxy/scraping/git-scraping-redom/images/IMAGES_2021_3_17-2021_3_20-ALL/Музейная скала.jpg,Музейная скала,Музейный центр «Площадь Мира»,11:00,exhibitions
2021-03-17,"В Музее Ряузова начала работу новая экспозиция «Вторая родина». Выставка живописи из музейных коллекций посвящена послевоенному периоду жизни и творчества Бориса Яковлевича – времени, когда он вернулся с фронта в Красноярск. Наш город стал второй родиной для художника: здесь ещё до войны он вступил в профессиональный творческий цех – товарищество «Художник». Здесь через год стал членом Союза советских художников, а вернувшись с фронта - председателем Красноярского Союза художников. Не давал в обиду Поздеева и содействовал созданию Красноярского художественного училища. Именно здесь он написал картины, обеспечившие ему признание. Какой предстала старшему сержанту Ряузову столица края? Чем впечатлили зрелого пейзажиста Великие стройки Родины? И отражение личной радости – портрет мамы, написанный другом, художником Яковом Еселевичем. В Красноярске у Бориса Ряузова появилась возможность перевезти ее с севера Омской области, села Покур. Выставка «Вторая родина» рассказывает, как ему это удалось.",D:/home/projects/galaxy/scraping/git-scraping-redom/images/IMAGES_2021_3_17-2021_3_20-ALL/Вторая родина.jpg,Вторая родина,Музей художника Б. Я. Ряузова,11:00,exhibitions
2021-03-17,"На выставке представлены экспонаты из оологической и нидологической коллекций музея. Это яйца и гнезда, принадлежащие более 50 видам птиц. Здесь можно увидеть яйца не только обычных, широко распространённых в Приенисейской Сибири видов птиц, но и редких, «краснокнижных»: белоклювой гагары, степного орла, могильника, краснозобой казарки и других. А также одно из самых крупных яиц в фауне птиц мира – африканского страуса. Детям и взрослым будет интересно увидеть, какие гнезда строят разные виды птиц – гнезда-дупла, гнезда-чаши, гнезда-платформы, среди которых обязательно отыщется и самое оригинальное – гнездо-рукавичка обыкновенного ремеза.",D:/home/projects/galaxy/scraping/git-scraping-redom/images/IMAGES_2021_3_17-2021_3_20-ALL/Хрупкий мир: яйца и гнёзда птиц.jpg,Хрупкий мир: яйца и гнёзда птиц,Краеведческий музей,10:00,exhibitions
2021-03-17,"Герои выставки – 12 успешных людей региона, которые преуспели в различных отраслях: СМИ, политика, бизнес, спорт, культура, образование и медицина. Люди, занимающиеся любимым делом, сумевшие преодолеть трудности и добиться успеха благодаря знаниям и упорству. Каждый герой – уникальная история.|•	Михаил Тарковский – писатель, режиссер;|•	Андрей Модестов – главный врач Красноярского краевого клинического онкологического диспансера им. А. И. Крыжановского;|•	Сергей Рубцов – генеральный директор медиагруппы «Прима»;|•	Андрей Болсуновский – руководитель фермы «Коза-дереза»;|•	Татьяна Андреева – основательница сети центров непрерывного развития дошкольников и школьников «Умка»;|•	Сергей Горбунов – президент футбольного клуба «Тотем», общественный деятель и меценат;|•	Николай Захаров – альпинист, председатель Федерации альпинизма Красноярского края;|•	Моника Дюсуше – директор центра семейного отдыха «Остров сокровищ»;|•	Евгений Зыков – основатель архитектурной мастерской «Тектоника», главный архитектор «Красноярскгражданпроект»;|•	Андрей Пашнин – основатель «Отдельного театра Пашнина»;|•	Светлана Тетерина – директор и учредитель «Художественной школы им. А. Г. Поздеева»;|•	Наталья Сафонова – директор Музея игрушки и рукоделия.|Отдельно представлен стенд бывшего заместителя председателя Законодательного собрания края Алексея Клешко, скомплектованный на основе его книг и воспоминаний семьи.|На выставке можно проследить биографию героев по таймлайну, прочитать истории и воспоминания об их семьях, узнать о малоизвестных фактах и мировоззрении героев. Кроме того, на выставке представлены фотографии и видеоролики из личных архивов, любимые музыкальные клипы и вырезки из фильмов. В витринах можно посмотреть на личные вещи и предметы, которые были упомянуты в историях героев.|«Мы сделали акцент на мультимедийных технологиях. В информационных киосках представлены полные рассказы о героях выставки, а предметы в витринах – только сопровождающие иллюстрации к ним. Поэтому рекомендую обращаться именно к киоскам во время посещения выставки», – рассказывает автор выставки, заведующая отделом истории Екатерина Борисенко.|Посещение – по входному билету.|При желании можно заказать экскурсию.",D:/home/projects/galaxy/scraping/git-scraping-redom/images/IMAGES_2021_3_17-2021_3_20-ALL/Путь к успеху.jpg,Путь к успеху,Пароход-музей «Св. Николай»,10:00,exhibitions
2021-03-17,"В 2014 году в музее появился скелет стегозавра, найденный в Красноярском крае, в Берёзовском угольном разрезе, недалеко от города Шарыпово. По мнению специалистов, возраст скелета стегозавра — более 165 миллионов лет, и, на сегодняшний день, это единственный скелет стегозавра в России. Стегозавр, представленный в музее, является одним из наиболее древних стегозавров, известных в геологической летописи мира, и относится, вероятно, к новому виду. Кроме того, на выставке представлены макет стегозавра в натуральный размер, ископаемые фрагменты древних животных, найденных в Березовском угольном разрезе, фотографии и фильмы, рассказывающие о раскопках палеонтологов.",D:/home/projects/galaxy/scraping/git-scraping-redom/images/IMAGES_2021_3_17-2021_3_20-ALL/Пришелец Юрского периода.jpg,Пришелец Юрского периода,Краеведческий музей,10:00,exhibitions
2021-03-17,"Первый весенний день в галерее «Отдел» запомнится открытием выставки молодой художницы Ольги Зюзиной «Вечная весна». На первой персональной выставке молодой художницы в едином ритме соединятся графика и скульптура.|Уставшему от монотонной сибирской зимы красноярцу необходима размеренная прогулка по «Вечной весне» художницы. Героини выставки живут в другой, не скованной границами и временными рамками вселенной, их окружают цветы, распустившиеся в их присутствии. Женщины, в сознании которых умиротворение и покой, существуют в полном единении с природой, в одно и то же время являясь началом и завершением единого цикла жизни.|Плоскостные графические девушки находят органичное продолжение в пышных, но невесомых формах и мягких изгибах скульптур. Находясь в беспрерывном потоке самопознания, умиротворённые героини несут в своей душе вечную весну, разделить которую они готовы с чуткими и внимательными зрителями.|«Почему вечная весна? Время не властно над моими героинями, а весна в естестве своём прекрасна. Весна - это обещание жаркого лета после холодной зимы.|На моей выставке вы встретите лесных нимф, окажетесь на горных вершинах, в садах грёз, отправитесь в полёт, окутанный ночью, где каждая героиня откроет вам свой таинственный мир»",D:/home/projects/galaxy/scraping/git-scraping-redom/images/IMAGES_2021_3_17-2021_3_20-ALL/Персональная выставка Ольги Зюзиной «Вечная весна».jpg,Персональная выставка Ольги Зюзиной «Вечная весна»,МТБЦ «Пилот»,10:00,exhibitions
2021-03-17,"Выставка знакомит с творчеством Анатолия Петровича Золотухина, заслуженного художника России, члена-корреспондента Российской академии художеств. На первом этаже Юдинки, в детском центре, расположены его деревянные «потешки»: звери, люди, птицы, рыбы и даже сказочные персонажи. «Потешки» Золотухина ездят, поднимают руки, поворачивают голову и преподносят зрителям еще множество разнообразных сюрпризов. Помимо игрушек, на выставке представлена графика Анатолия Петровича. Это рисунки карандашом, тушью, акварелью, фломастером. Очень индивидуальные, моментально узнаваемые, многоцветные, на первый взгляд, бесшабашные акварельные листы заставляют не только улыбнуться, но и задуматься.",D:/home/projects/galaxy/scraping/git-scraping-redom/images/IMAGES_2021_3_17-2021_3_20-ALL/Паровозик из детства.jpg,Паровозик из детства,Музей-усадьба Г.В. Юдина,10:00,exhibitions
2021-03-17,"Научные инструменты, чучела животных, древние артефакты, засушенные растения, необычные морские раковины, книги, скелеты удивительных существ, небесные глобусы – таким было содержимое кабинетов редкостей, которые стали очень популярны уже в конце XV века. Это был период, когда человек стремился изучить и узнать всё: эпоха Великих географических открытий дала путешественникам возможность привозить в Европу предметы с разных континентов и вновь открытых земель, а результаты всемирных исследований и научных экспериментов стали более доступными. Короли и учёные, врачи и аптекари пополняли свои коллекции удивительными экспонатами.|Появляется термин Wunderkammer — «комната чудес», тщательно подобранная коллекция диковинок, которые олицетворяли стремление эпохи к исследованиям и знаниям. Сейчас мы широко используем слово «кунсткамера» — так называют помещение, в котором хранится удивительное и уникальное собрание предметов, как природных, так и рукотворных. Рост коллекций привёл к тому, что появились специализации в собирательстве, а в дальнейшем – и к созданию тематических музеев. Так, Пётр I, после «великого посольства» и знакомства с технологиями и культурой европейских держав, обустраивает русский «кабинет редкостей». В 1714 году в Петербурге по распоряжению царя была основана Кунсткамера – первый российский государственный публичный музей.|Загадочные кабинеты редкостей захватывают наше воображение и до сей поры. Музей-усадьба Геннадия Васильевича Юдина – купца, библиофила, коллекционера и мецената – приглашает вас посетить удивительную «Кунсткамеру на берегах Енисея». Эта выставка из цикла «Музейные редкости» соединила в одном культурном пространстве редко выставляемые уникальные экспонаты из фондов Красноярского краевого краеведческого музея, которые относятся к самым разнообразным природным явлениям и объектам естественнонаучной истории Земли: геологии, палеонтологии, зоологии, анатомии, ботаники. Кроме того, Анатомический музей при кафедре анатомии и гистологии человека КрасГМУ имени профессора В.Ф. Войно-Ясенецкого любезно предоставил для выставки уникальные влажные препараты.|Вы увидите:|- воссозданный интерьер кабинета редкостей, прообраза первых музеев естественной истории Европы;|- многообразие морских обитателей, крокодилов, ящериц, тропических бабочек, птиц и других животных, которые у всех нас обычно ассоциируются со словом «экзотические»;|- эксклюзивно редкие экспонаты, которые в повседневной жизни, не посетив музей, удаётся увидеть немногим: осколки метеоритов, зубы и усы китов, череп бизона, зубы мамонта, череп шерстистого носорога;|- аномалии анатомии у человека (сиамские близнецы-младенцы) и в животном мире (двухголовый телёнок, трёхглазый и двухпятачковый поросёнок, явление альбинизма у млекопитающих, обитающих в сибирской тайге);|- предметы нумизматики и этнографии.|Эта выставка будет интересна как взрослым, так и детям. Взрослые смогут изучить интересные экспонаты, а дети смогут поучаствовать в занимательном квесте «Вундеркамера» (10+), который в игровом формате познакомит ребят с уникальными экспонатами.",D:/home/projects/galaxy/scraping/git-scraping-redom/images/IMAGES_2021_3_17-2021_3_20-ALL/Кунсткамера на берегах Енисея.jpg,Кунсткамера на берегах Енисея,Музей-усадьба Г.В. Юдина,10:00,exhibitions
2021-03-17,"Выставка представляет трех китов, обитающих в умеренных широтах Мирового океана: финвала, гренландского кита и белуху. Скелет и полноразмерная модель взрослой белухи стали главными экспонатами выставки. Большинство жителей Красноярского края никогда не видели китов вживую. А в Сибири экспонаты, хранившиеся в запасниках музея, будут выставлены впервые. Киты широко представлены в столичных и дальневосточных музеях, но в музеях на территории от Урала и до Якутии таких экспонатов нет. Новая экспозиция продемонстрирует всю мощь китов северных морей.",D:/home/projects/galaxy/scraping/git-scraping-redom/images/IMAGES_2021_3_17-2021_3_20-ALL/Киты: от великанов до пигмеев.jpg,Киты: от великанов до пигмеев,Краеведческий музей,10:00,exhibitions
2021-03-17,"В настоящее время в здании библиотеки Г.В.Юдина располагается музей. Постоянная экспозиция «Библиотека Г.В. Юдина. История. Судьбы. Традиции» состоит из двух разделов, посвященных Г.В. Юдину и декабристам Енисейской губернии. Официально музей еще не открылся, но сотрудники уже с радостью встречают гостей.",D:/home/projects/galaxy/scraping/git-scraping-redom/images/IMAGES_2021_3_17-2021_3_20-ALL/Библиотека Г.В. Юдина. История. Судьбы. Традиции.jpg,Библиотека Г.В. Юдина. История. Судьбы. Традиции,Музей-усадьба Г.В. Юдина,10:00,exhibitions
2021-03-17,"Выставка подготовлена в честь 75-летия Победы в Великой Отечественной войне.|Красноярский краеведческий музей открывает выставку в новом для себя формате – аудиовизуальном. Это звуковое шоу по типу радио-спектакля с показом экспонатов в витринах. Зритель погружается в прошлое с помощью звуковых эффектов и рассказа диктора, а экспонаты и плакаты помогают ориентироваться в пространстве выставки.|Рёв самолета, взрывы снарядов, лязг гусениц, удар метронома, звуки паники, голос Ю. Б. Левитана, военные песни, шум ветра, крики восторга и радости победы – такие звуки можно услышать на выставке. Все звуки записаны в единую ритмичную аудиодорожку: звуки, нагнетающие напряжение, чередуются со спокойными, порой лирическими, нотками. Вместе со звуками посетитель услышит голос диктора-экскурсовода. Обращая внимание на экспонаты, он рассказывает истории, связанные с ними, и проводит посетителя по четырем разделам выставки: «Трагедия», «Тыл», «Фронт», «Победа».|«Возникла идея сделать выставку, которая позволила бы посетителю на какое-то время ощутить атмосферу военного времени, а само ощущение носило бы чувственно-эмоциональный характер. Поэтому основное внимание было уделено звукам и пространству. С помощью специально подобранного звукового контента посетитель прочувствует разные уровни и ощущения военного времени: тревогу за собственную жизнь, чувство опасности и незащищенности от немецких бомбардировок, гордость за мужество и храбрость бойцов, печаль об утрате близких и т.п. Звуки помогут «прожить» материал выставки», – рассказывает автор выставки, старший научный сотрудник Красноярского краевого краеведческого музея Александр Черепанов.|Кроме основной линии сюжета посетитель может снять трубку полевой станции и услышать дополнительные истории о подвигах наших земляков в годы Великой Отечественной войны и боевом пути легендарного паровоза «СО-17-1613 “Сибиряк”». В конце аудио-экскурсии можно пройти квест «Моя военная биография».",D:/home/projects/galaxy/scraping/git-scraping-redom/images/IMAGES_2021_3_17-2021_3_20-ALL/Аудиовизуальная выставка «Звучит война».jpg,Аудиовизуальная выставка «Звучит война»,Пароход-музей «Св. Николай»,10:00,exhibitions
2021-03-17,"Пешеходная экскурсия к спектаклю «Мелкий бес».|В рамках показов спектакля для взрослых «Мелкий бес» (по роману Федора Сологуба) Красноярский театр кукол приглашает на пешеходную экскурсию по историческому центру города. Экскурсионный маршрут «Быт и нравы провинциального города» — это погружение в атмосферу провинции начала ХХ века, знакомство с ее реалиями для более глубоко понимания и восприятия спектакля.|Сбор у Дома офицеров, ул. Перенсона 20",D:/home/projects/galaxy/scraping/git-scraping-redom/images/IMAGES_2021_3_17-2021_3_20-ALL/Пешеходная экскурсия «Быт и нравы провинциального города».jpg,Пешеходная экскурсия «Быт и нравы провинциального города»,Театр кукол,17:00,shows
2021-03-17,"Приглашаем на экскурсию, которая даёт возможность познакомиться со всей экспозицией ""Сны о Сибири"", побывать во всех залах в одно посещение и узнать, какие мифы о Сибири существовали в разные эпохи у разных людей, кого и за что в Сибирь ссылали, а кто и зачем уходил туда добровольно, погрузиться в атмосферу метафор и литературных трактовок темы ""Сибирь"", посмотреть фильмы, смонтированные специально для экспозиции и, конечно, вдохновиться историями жизни известных сибиряков.|Обязательна предварительная запись.",D:/home/projects/galaxy/scraping/git-scraping-redom/images/IMAGES_2021_3_17-2021_3_20-ALL/Экскурсия «Сны о Сибири».jpg,Экскурсия «Сны о Сибири»,Литературный музей им. В.П. Астафьева,16:00,shows
2021-03-17,"Если ваши детки еще не были в музее, то экскурсия «Здравствуй, музей!» - отличный повод! Экскурсовод проведет вас по всему музею, но расскажет только про самые яркие и интересные для ребят от 7 лет экспонаты. Какая температура была на нашей территории во времена последнего оледенения, в каких жилищах жили древние люди, какие коренные народы проживают на территории нашего края и чем занимаются, почему в центре музея стоит огромный корабль и как выглядели в XIX веке дома простых крестьян и купцов.","D:/home/projects/galaxy/scraping/git-scraping-redom/images/IMAGES_2021_3_17-2021_3_20-ALL/Экскурсия «Здравствуй, музей!».jpg","Экскурсия «Здравствуй, музей!»",Краеведческий музей,16:00,shows
2021-03-17,"Квест «Морской патруль» поможет познакомиться с выставками «Киты: от великанов до пигмеев» и «Обитатели Мирового океана», превратив посещение музея в исследование-игру!|Участников ждут интересные факты, веселые задания и настоящий диплом исследователя, который останется на память. Обитатели музейной акватории – киты, акулы, крабы, омары, морские коньки и ежи и др. – с радостью раскроют ребятам свои секреты, поделятся наглядными и забавными наблюдениями и помогут ответить на вопросы. Как выглядел ракоскорпион? Кто самый древний обитатель морских глубин? Какая рыба считается самой худой? Какие песни поют киты? Сколько раковин спряталось в музее? Кто главный враг белухи? Ответы на все эти вопросы предстоит найти участникам квеста.",D:/home/projects/galaxy/scraping/git-scraping-redom/images/IMAGES_2021_3_17-2021_3_20-ALL/Квест «Морской патруль».jpg,Квест «Морской патруль»,Краеведческий музей,15:00,shows
2021-03-17,"Приглашаем познакомиться с поэтами и прозаиками, бросившими вызов столичным литераторам: А.С. Пушкину, В.А. Жуковскому, Е. Баратынскому и др.|Гостей экскурсии ожидает рассказ о первом губернаторе Енисейской губернии Александре Степанове, художнике-сатирике Николае Степанове, Дмитрии Давыдове, который написал слова песни «Славное море, священный Байкал». Сотрудники музея откроют секрет: кто первым сформулировал термин «сибирская литература» и сравнил сибирских авторов со знаменитыми на весь мир писателями - Ирвингом и Купером.|Экскурсия рассчитана на посетителей старше десяти лет.|Обязательна предварительная запись.",D:/home/projects/galaxy/scraping/git-scraping-redom/images/IMAGES_2021_3_17-2021_3_20-ALL/Экскурсия «Сибирские поэты-романтики XIX века».jpg,Экскурсия «Сибирские поэты-романтики XIX века»,Литературный музей им. В.П. Астафьева,14:00,shows
2021-03-17,"Приглашаем познакомиться с женскими и мужскими занятиями XIX века. Вы узнаете, какие предметы брали на охоту, что такое натруска и ловушка-морда, как обрабатывали дерево и добывали золото на приисках, вас ждет рассказ о прядении и ткачестве, а также настоящие музейные экспонаты, которые можно будет подержать в руках.",D:/home/projects/galaxy/scraping/git-scraping-redom/images/IMAGES_2021_3_17-2021_3_20-ALL/Музейное занятие «Ремесла и промыслы Енисейской губернии».jpg,Музейное занятие «Ремесла и промыслы Енисейской губернии»,Краеведческий музей,14:00,shows
2021-03-17,"«Ньютон Парк» — это интерактивный музей, где каждый экспонат готов контактировать с вами. Посетите за один поход сразу две экспозиции: одну по физике, вторую — по анатомии.|1. Я — ДВИЖЕНИЕ. Узнайте больше о строении своего тела и ответьте на вопрос: возможна ли жизнь без движения? Интерактивные экспонаты продемонстрируют работу органов и систем в теле человека, а также протестируют ваши физические возможности.|2. СВЕТ.  В зале ""Underground"" вас ждут экспонаты и видеоинсталляции, посвященные тайнам света и цвета. Разберите свет на части и узнайте, как свет передает энергию; окажитесь внутри оптических иллюзий, ""заморозьте"" тени и получите уникальные фотографии!|Более 50 интерактивных экспонатов! Экспериментируйте, фотографируйте, играйте и узнавайте новое.|Научный сотрудник ""Ньютон Парка"" проводит экскурсии и отвечает на вопросы любознательных посетителей.|Ваше свободное время на выставке НЕ ОГРАНИЧЕНО!",D:/home/projects/galaxy/scraping/git-scraping-redom/images/IMAGES_2021_3_17-2021_3_20-ALL/Интерактивный музей науки «Ньютон Парк».jpg,Интерактивный музей науки «Ньютон Парк»,Ньютон Парк,11:00,shows
2021-03-17,"С 23 января и по 4 апреля 2021 года в Красноярске в ТРЦ «Комсомолл» выставка «Реальные Динозавры». Это яркая концептуально новая выставка подвижных фигур динозавров, она не оставит Вас и ваших детей без положительных эмоций. Все фигуры двигаются, машут хвостами, моргают и максимально реалистичны.|Фото и видео съёмка - бесплатно.",D:/home/projects/galaxy/scraping/git-scraping-redom/images/IMAGES_2021_3_17-2021_3_20-ALL/Выставка «Реальные динозавры».jpg,Выставка «Реальные динозавры»,КомсоМолл|1 этаж,10:00,shows
2021-03-17,"Жили-были старик со старухой, и с ними две дочери: старухина дочь - бездельница Феклуша, и старикова – рукодельница Настенька. Злая мачеха выгнала Настеньку зимой за клюквой, но доброта и трудолюбие Настеньки растопили сердце Морозко, и вернулась она домой с богатыми подарками. Зависть и жадность заставляют мачеху отвезти в зимний морозный лес родную дочь. Но нерадивость грубой и ленивой Феклуши Морозко оценил совсем по-другому…",D:/home/projects/galaxy/scraping/git-scraping-redom/images/IMAGES_2021_3_17-2021_3_20-ALL/Морозко.jpg,Морозко,Театр юного зрителя|Большая сцена,19:00,theater
2021-03-17,"Спектакль для взрослых по одноименному произведению Федора Сологуба. Спектакль вошел в Long list Российской Национальной театральной  Премии и Фестиваля «Золотая Маска», сезон 2016/17.|При всей мрачности и безысходности «Мелкий бес» – это смешная история. Смачный язык персонажей, их мелкие мысли, ограниченность выглядит смешно. Смешное уничижает ужасное. И это один из рычагов, который помогает зрителю найти тот «рецепт», ту «пилюлю», который помогает справляться с открывшейся действительностью.|В спектакле используется большое количество кукол разных систем и размеров, а также разнообразные костюмы. Каждый новый персонаж и эпизод станут для зрителя неожиданностью. Благодаря образному языку театра кукол подчеркивается глубина и высокий психологизм литературного материала.",D:/home/projects/galaxy/scraping/git-scraping-redom/images/IMAGES_2021_3_17-2021_3_20-ALL/Мелкий бес.jpg,Мелкий бес,Театр кукол,19:00,theater
2021-03-17,"Самая нежная и трогательная опера великого композитора Дж.Пуччини. Изящные декорации, прекрасные мелодии и хрупкая верная Чио-Чио-Сан, не пережившая предательства любимого…|Опера Дж. Пуччини в 2-х действиях. «Мадам Баттерфлай» Дж. Пуччини в Красноярском театре оперы и балета – это новая постановка оперы, которая нашим зрителям известна под названием «Чио-Чио-Сан». Спектакль никого не оставил равнодушным. Прекрасные, бесконечно печальные мелодии взволновали публику до слез. Критики отметили высокий уровень исполнения, потрясающую актерскую игру солистов (что немаловажно для эмоционально насыщенной оперы), невероятно легкие, изящные и в то же время яркие декорации и костюмы, а также оригинальное режиссерское решение Геннадия Малхасянца. Эта опера впервые поставлена в нашем театре на итальянском языке, но желающие прочитать русский текст во время спектакля – имеют такую возможность: над сценой будет проецироваться бегущая строка.",D:/home/projects/galaxy/scraping/git-scraping-redom/images/IMAGES_2021_3_17-2021_3_20-ALL/Мадам Баттерфлай.jpg,Мадам Баттерфлай,Театр оперы и балета,19:00,theater
2021-03-17,"Программа для детей младшего школьного возраста на основе произведений Виктора Драгунского, Николая Носова и других авторов. Артисты Красноярского ТЮЗа не только читают забавные рассказы популярных детских писателей, но и включают в чтение ребят, предлагают им вместе разыграть и обсудить ситуации, которые порой возникают в отношениях между сверстниками, или между детьми и взрослыми.",D:/home/projects/galaxy/scraping/git-scraping-redom/images/IMAGES_2021_3_17-2021_3_20-ALL/Как дружить и ссориться правильно.jpg,Как дружить и ссориться правильно,Театр юного зрителя|Букхолл,15:00,theater
2021-03-17,"12 февраля приглашаем вас на концерт-откровение солистки театра Надежды Кармаевой «О женщине поговорим…». Через призму музыки взглянем на ту, чей образ воспевался и продолжает воспеваться поэтами – на Женщину. Артистка исполнит произведения из репертуара эстрадной джазовой певицы Ларисы Долиной.|«Лариса Долина – воплощение женственности и правильной культуры на сцене, – делится Надежда. – Для меня она эталон исполнительского искусства – её глубина, прикосновения к звуку и техника уникальны. Многие песни певицы гармонируют и с моим внутренним состоянием».",D:/home/projects/galaxy/scraping/git-scraping-redom/images/IMAGES_2021_3_17-2021_3_20-ALL/Надежда Кармаева: О женщине поговорим....jpg,Надежда Кармаева: О женщине поговорим...,Музыкальный театр|Малый зал,19:00,concerts
2021-03-17,"Красноярский камерный оркестр и органист Андрей Бардин продолжат знакомить красноярцев с шедеврами, созданными для оркестра и органа, как для сольного, так и совместного исполнения. Программа концерта составлена из произведений авторов одной страны – Франции.|Исполнители:|Красноярский камерный оркестр|Художественный руководитель и главный дирижёр заслуженный деятель искусств РФ Михаил Бенюмов|Солист - лауреат международных конкурсов Андрей Бардин, орган|Зрители услышат музыку разных эпох: от барокко до сочинений ХХ века. Наряду с произведениями Куперена, Равеля, Пуленка прозвучит и одно из самых исполняемых органных произведений конца XIX века – «Готическая сюита» Леона Боэльмана.|Немногие любители классической музыки знают, что «король инструментов» есть и в малом зале филармонии. Этот прекрасный электронный орган «Йоханнус Монарх» спроектирован и изготовлен мастерами фабрики «Johannus Orgelbouw» (Нидерланды) специально для малого зала и установлен в 2009 году. Эксклюзивный инструмент имеет три мануала, педаль, семьдесят регистров и массу возможностей – например, можно выбрать тип органа, звуки которого заложены в его памяти. «Монарх» позволит услышать сочинения французских композиторов XIX-XX веков так, как они звучали на инструментах великого французского органостроителя Аристида Кавайе-Колля.|В программе:|Ф. Куперен Сюита для виолончели с оркестром|Л. Боэльман Готическая сюита|М. Равель Павана для органа с оркестром|Ф. Пуленк Концерт для органа, литавр и струнных|Продолжительность 1 час 40 минут, 1 отделение",D:/home/projects/galaxy/scraping/git-scraping-redom/images/IMAGES_2021_3_17-2021_3_20-ALL/Красноярский камерный оркестр + орган.jpg,Красноярский камерный оркестр + орган,Филармония|Малый зал,19:00,concerts
2021-03-17,"Artik & Asti - одна из самых популярных групп в России, отправляется в большой концертный тур. 17 марта Artik & Asti дадут концерт в Красноярске в «Платинум Арене». Тур «Грустный дэнс» - это почти 2 часа ваших любимых песен, танцев, позитива и любви, когда весь зал поёт в унисон и двигается в одном ритме!|• Патер – сидячие места с центральным видом на сцену. Рассадка свободная.|• Трибуна – доступ на один из секторов арены комплекса, рассадка согласно купленным билетам, гардероб.|• VIP сектор – доступ на VIP сектор арены комплекса с отличным видом на сцену, рассадка согласно купленным билетам, отдельный вход, гардероб, доступ к бару.|• Место в Президентской Ложе – расположение в премиальной Ложе с прекрасным видом на сцену, мягкой мебелью и отдельным баром. Отдельный вход, гардероб и парковочное место на территории комплекса.|Важно: данный концерт был перенесён с 17.03.2020 (ДС им. Ярыгина) На данный момент в городе официально разрешены мероприятия с заполняемостью зала 75% и сидячим партером. Поэтому, чтобы соблюсти все антивирусные нормы и социальное дистанцирование, а также обеспечить комфортное и безопасное посещение концерта, концерт был перенесен на более вместительную площадку. Обладатели сидячих мест получат информацию по расположению в зале в начале марта. Обладатели билетов на танцпол смогут расположиться в партере, если к дате мероприятия не будут сняты ограничения. Вся информация будет отправлена на электронную почту, указанную при покупке билета.|Внимание: на концерте будут соблюдаться все антивирусные меры предосторожности. При себе необходимо иметь маску и перчатки.",D:/home/projects/galaxy/scraping/git-scraping-redom/images/IMAGES_2021_3_17-2021_3_20-ALL/Artik & Asti (Артик и Асти).jpg,Artik & Asti (Артик и Асти),Платинум Арена,19:00,concerts
2021-03-20,"Финальный аккорд фестиваля «Эклектика». Посвящение Бетховену в год его 250-летия и Чайковскому — на 180-летие композитора. Струнная серенада и Квинтет до минор|Исполнитель:|Оркестр камерной музыки Творческой мастерской Леонида Лундстрема|Художественный руководитель и дирижёр - Леонид Лундстрем|Программа посвящена юбилеям двух великих композиторов — столь не похожим друг на друга гениям: стойкому Бетховену и более ранимому, хрупкому и романтичному Чайковскому. Впрочем, было у них и общее — оба писали удивительно жизнеутверждающую музыку!|Леонид Лундстрем — племянник основателя знаменитого джаз-оркестра и сын одного из его музыкантов. Он получил блестящее музыкальное образование, вполне усвоив уроки своего учителя, выдающегося скрипача Леонида Когана.|Творческая мастерская Л. Лундстрема — уникальный, мобильный, многоликий коллектив. В основе репертуара лежит классическая камерная музыка. Внутри единого сообщества формируются мини-ансамбли, причём возможны самые разные комбинации — от двух исполнителей до камерного оркестра. Детище Леонида Лундстрема не случайно названо «Творческой мастерской». Это особая атмосфера, живой дух, царящий в коллективе и определяющий его суть; «мастерская» — постоянный поиск, смелые и необычные эксперименты с исполнительским составом, репертуаром, жанрами и стилями. Одним словом, Творческая мастерская Леонида Лундстрема способна творить чудеса.|В программе:|Бетховен. Квинтет до минор, op.104, переложение для струнного оркестра Михаила Цинмана|Чайковский. Струнная серенада|Продолжительность 1 час 15 минут, 1 отделение|*в программе возможны изменения",D:/home/projects/galaxy/scraping/git-scraping-redom/images/IMAGES_2021_3_17-2021_3_20-ALL/Фестиваль «Эклектика»: Закрытие фестиваля.jpg,Фестиваль «Эклектика»: Закрытие фестиваля,Филармония|Малый зал,19:00,concerts
2021-03-20,"Под этими словами готовы подписаться дворники и пенсионеры с палочками, юные девушки и мамаши с колясками, велосипедисты и автомобилисты, а также туристы, столбисты и прочая лесная живность.|И вместе с ними - ВЛЮБЛЁННЫЕ И ПОЭТЫ.|Вторя сей братии, ""Наш театр"" приглашаем вас на поэтический вечер, где известные красноярские поэты прочтут (и не только) свои произведения.|В ПРОГРАММЕ:|Даниил Астахов;|Оксана Горошкина;|Ольга Гуляева;|Татьяна Долгополова;|Иван Клиновой;|Виталий Овчаренко;|Сергей Цветков.",D:/home/projects/galaxy/scraping/git-scraping-redom/images/IMAGES_2021_3_17-2021_3_20-ALL/Вечер красноярских поэтов.jpg,Вечер красноярских поэтов,Наш Театр,19:00,concerts
2021-03-20,"За пультом органа Наталья Багинская. Она окончила Новосибирскую государственную консерваторию по специальности «Орган» (класс доцента А. Чуловского) и аспирантуру по классу профессора Латвийской академии музыки Л. Булавы. Ежегодно принимает участие в международных мастер-классах ведущих европейских профессоров в Англии, Франции, Италии, Германии. Дважды стажировалась в летней академии в Хаарлеме (Нидерланды) а также посетила летнюю академию в Смарано (Италия).|Ведёт активную концертную деятельность в городах России и за рубежом (Австрия, Италия, Франция, Англия, Польша, Израиль, Белоруссия и др.) с сольными концертами, в программах с хоровыми и оркестровыми коллективами, с солистами и в составе ансамблей.|В настоящий момент – доцент Новосибирской Государственной консерватории им. Глинки.|В программе 20 марта:|Д. Букстехуде|Прелюдия, фуга и чакона BuxWV 137|Хорал «Nun lob mein Seele den Herren» BuxWV 212|Прелюдия BuxWV 148|Пассакалия BuxWV 161|Токката BuxWV155|И. С. Бах|Пассакалья до минор|Прелюдия и фуга ре-мажор BWV 532|Хоральная прелюдия «Человек, оплакивай свой грех»|Токката и фуга ре минор BWV565|В программе 21 марта:|И. С. Бах|«Alla breve» ре мажор BWV 589|Прелюдия и фуга си-минор BWV 544|«Шюблеровские хоралы» BWV 645, 646,|Хоральная прелюдия «Из глубокой бездны взываю к тебе, Господи»|Пассакалья до минор|Хоральная прелюдия: «Человек, оплакивай свой грех»|Прелюдия и фуга ре-мажор BWV 532|Н. Хаким|«Bach'orama»|Продолжительность 1 час 20 минут, 1 отделение","D:/home/projects/galaxy/scraping/git-scraping-redom/images/IMAGES_2021_3_17-2021_3_20-ALL/Баховские недели: Наталья Багинская (орган, Новосибирск).jpg","Баховские недели: Наталья Багинская (орган, Новосибирск)",Органный зал,19:00,concerts
2021-03-20,"Совсем скоро нас ждет долгожданный МультBattle – соревнование известной зарубежной анимации и любимых отечественных мультфильмов. Исполнять известные мелодии под сопровождение красочного видеоряда будут музыканты и солисты Красноярского духового оркестра.|«Том и Джерри» или «Ну, погоди»? «Крокодил Гена» или «Шрек»? «Король Лев» или «Кот Леопольд»? Зарубежные мультфильмы или отечественные? МультBattle станет ярким музыкальным событием для всей семьи, ведь это уникальная возможность не только насладиться потрясающими оркестровыми композициями из диснеевских мультфильмов, но и спеть любимые с детства мелодии дружным хором под сопровождение духового оркестра.",D:/home/projects/galaxy/scraping/git-scraping-redom/images/IMAGES_2021_3_17-2021_3_20-ALL/Красноярский духовой оркестр: МультBattle.jpg,Красноярский духовой оркестр: МультBattle,Филармония|Большой зал,16:00,concerts
2021-03-20,"Музыкально-иллюзионный 3D шоу-спектакль для любого возраста, который уже покорил сердца многих юных зрителей и их родителей. Победитель номинации ""Лучшее детское мероприятие""|Вы встретите давно знакомых друзей из сказки про Страну чудес. Известные всему миру герои окажутся рядом, чтобы вместе с вами попасть в Мечтариум. Всегда опаздывающий Белый Кролик наконец догонит время, Чеширский кот улыбнется каждому из вас. Красная Королева пригласит вас на настоящий бал Роз и сыграет с вами в гигантский Королевский крокет. Ну а Шляпник, тот самый Безумно весёлый, оригинальный мастер волшебства и швейных дел, появится в самой Большой дрессированной шляпе. И Главный волшебник Нового года не останется в стороне. Дед Мороз лично появится, чтобы поздравить всех и подарить чудеса.|Также вас ждут необыкновенные превращения, летающее время, живая кроличья нора, настоящие магические фокусы, ожившее зазеркалье, огромный игровой реквизит, весёлые песни и танцы. Волшебное путешествие в сказочную страну, где невозможное становится реальностью, научит верить в мечту и не забывать про чудеса.|В программе:|Онлайн - загадки|Дымовое шоу|Ленточное шоу|Летающие интерактивные часы|Трон- иллюзион|и многие-многие другие чудеса!|Чудеса бывают! Сказка близко! Мечта рядом! Каждого ребенка ждет подарок от героев шоу-спектакля.|Дети до трех бесплатно, без предоставления отдельного места.|В целях исполнения закона, просим вас соблюдать санитарные и гигиенические правила посещения спектаклей.","D:/home/projects/galaxy/scraping/git-scraping-redom/images/IMAGES_2021_3_17-2021_3_20-ALL/Мечтариум, или Шляпник-шоу.jpg","Мечтариум, или Шляпник-шоу",ГорДК «Правобережный»,11:00,concerts
2021-03-20,"Маленькая Дюймовочка случайно появляется в нашем мире. Прелестную девочку похищает Жаба и её безобразный сын. Дюймовочка попадает к Жуку, к Полевой Мыши, которая хочет выдать её замуж за слепого Крота из мрачного подземелья. И Толька встреча с Ласточкой приносит героине надежду на обретение счастья и любви.|Куда улетают ласточки? В тот прекрасный сказочный мир, откуда появилась Дюймовочка и куда она возвращается. Нежная, романтичная инсценировка великого сказочника наполнена искромётным юмором, музыкой, учит нас состраданию и вере в своё предназначение.|Случайно, при помощи колдовства и волшебного пера Г.Х. Андерсена, появляется в нашем мире маленькая Дюймовочка. Очаровываясь ее прелестью, девочку похищают Жаба и ее безобразный сын. Дюймовочка попадает к Жуку, к Полевой Мыши, которая хочет выдать ее замуж за слепого Крота из мрачного подземелья. И только встреча с Ласточкой приносит героине надежду на обретение  счастья и любви. Куда улетают ласточки? – в тот прекрасный и сказочный мир, откуда появилась Дюймовочка и куда она возвращается. Спектакль наполнен лиризмом, юмором, музыкой, учит нас состраданию и вере в свое предназначение.",D:/home/projects/galaxy/scraping/git-scraping-redom/images/IMAGES_2021_3_17-2021_3_20-ALL/Дюймовочка. Куда улетают ласточки.jpg,Дюймовочка. Куда улетают ласточки,Дом актера,11:00,theater
2021-03-20,"Спектакль – серьезный разговор, который, как водится, бывает невеселым.|Сергей вырос в семье прокуроров и сам продолжил семейный подряд. У него не было выбора, кем стать. Он ходил на нелюбимую работу, жил с нелюбимой женой и думал, что «нелюбовь - это верховный закон жизни». И вдруг прокурор влюбляется, и это событие всё переворачивает. Но когда ты продукт системы, очень сложно удержаться на ногах.",D:/home/projects/galaxy/scraping/git-scraping-redom/images/IMAGES_2021_3_17-2021_3_20-ALL/Дневник влюбленного прокурора (Премьера).jpg,Дневник влюбленного прокурора (Премьера),Арт-пространство «Квадрат»,18:00,theater
2021-03-20,"Наступили выходные. Главный герой задумал провести у себя в загородном доме мальчишник, а его жена уехать к маме, но тут вмешиваются неожиданные обстоятельства. Жена никуда не едет, остается дома, но мальчишник уже не отменить, потому что гости приглашены и уже в пути. А дальше начинается веселая неразбериха, которая заканчивается совершенно неожиданно. Подробности узнаете, посмотрев спектакль.",D:/home/projects/galaxy/scraping/git-scraping-redom/images/IMAGES_2021_3_17-2021_3_20-ALL/Мальчишник по-итальянски.jpg,Мальчишник по-итальянски,Дом актера,18:00,theater
2021-03-20,"10 и 12 декабря состоится премьера спектакля «Я такое дерево» в  Красноярском драматическом театре им. А.С. Пушкина.|Актер Георгий Дмитриев откровенно расскажет о своем детстве, первой любви и о  пути к актерской профессии.|Моноспектакль не случайно называется «Я такое дерево» - так называлась авторская пластинка композитора Микаэла Таривердиева, чьи песни когда-то услышал маленький мальчик Жора.|Монолог Актера и песни Таривердиева составляют единое целое, полное теплоты и юмора. Прошлое не навевает грусти и тоски по ушедшему, а наоборот побуждает открывать новые страницы жизни и искать ответы на возникающие вопросы.|Спектакль «Я такое дерево» – это история про то как рядовая запись пластинки песен Микаэла Таривердиева в студии звукозаписи обернулась рождением спектакля.|Имя актера театра Георгия Дмитриева хорошо известно зрителям Красноярска по таким ролям как Клавдий («Розенкранц и Гильденстерн мертвы»), Лука («Лекарь поневоле), Ворон («Маленькая колдунья), Карл (Мы, герои») и др. Моноспектакль не случайно называется «Я такое дерево» - так называлась авторская пластинка композитора Микаэла Таривердиева, чьи песни когда-то услышал маленький мальчик Жора. Актер откровенно рассказывает о своем детстве, юности, вспоминает о первой любви, говорит о своем пути к актерской профессии, и о тех, с кем сталкивала его жизнь на этом пути. Монолог Актера и песни Таривердиева составляют единое целое, полное теплоты и юмора. Прошлое не навевает грусти и тоски по ушедшему, а наоборот побуждает открывать новые страницы жизни и искать ответы на возникающие вопросы. Спектакль «Я такое дерево» – это история про то как рядовая запись пластинки песен Микаэла Таривердиева в студии звукозаписи обернулась рождением спектакля.",D:/home/projects/galaxy/scraping/git-scraping-redom/images/IMAGES_2021_3_17-2021_3_20-ALL/Я такое дерево (Премьера).jpg,Я такое дерево (Премьера),Драматический театр им. А.С. Пушкина|Малый зал,18:00,theater
2021-03-20,"Блестящая комедия Мольера неспроста ставится в театрах уже более трехсот лет. Она всегда актуальна, благодаря неповторимому образу главного героя – расчетливого хитреца, талантливого выдумщика, одаренного актера и оратора Тартюфа.|«В «Тартюфе» Мольер показывает, что темная часть души человека не может существовать без светлой, и наоборот, — рассказывает спектакля режиссер Роман Феодори. — Под силу ли людям бороться с тем злом, которое с младенчества засеяно в них? Об этом — наш спектакль. Несмотря на столь серьезные темы, постановка получилась смешной искрометной, по-французски филигранной».",D:/home/projects/galaxy/scraping/git-scraping-redom/images/IMAGES_2021_3_17-2021_3_20-ALL/Тартюф или Обманщик.jpg,Тартюф или Обманщик,Драматический театр им. А.С. Пушкина|Большая сцена,18:00,theater
2021-03-20,"Спектакль в лёгкой форме лиричной комедии, поднимает серьёзные вопросы взаимоотношения людей, их психологической совместимости и может служить пособием для влюблённых всех возрастов!|Как сохранить и развить только-только зародившиеся  отношения? Как услышать и понять своего любимого? Как научиться уступать друг другу? Как распознать настоящие жизненные ценности и не разрушить их в угоду своей гордыне?!! Спектакль помогает увидеть себя со стороны , проанализировать и не допустить нелепых ошибок!|Добрая, позитивная пьеса без элементов насилия, эротики и нецензурной лексики актуальна  во все времена!|В спектакле есть возможность проявить себя как молодым, только начинающим свой творческий путь актёрам, так и показать своё мастерство уже опытным артистам! Есть возможность в хорошей творческой атмосфере поработать над характерами и образами героев; обменяться опытом и творческой энергией!","D:/home/projects/galaxy/scraping/git-scraping-redom/images/IMAGES_2021_3_17-2021_3_20-ALL/Муж, жена, сосед и мама.jpg","Муж, жена, сосед и мама",Дом актера,18:00,theater
2021-03-20,"Спектакль стал участником внеконкурсной программы фестиваля «Золотая Маска» (г. Москва, 2015); победителем в номинации «Лучший спектакль для детской аудитории» на федеральном фестивале «Театральный Олимп» (г. Сочи, 2015);  отмечен дипломом на Всероссийском фестивале в области театрального искусства для детей «Арлекин» (г. Санкт-Петербург, 2015).|Спектакль «Мой волшебный носок адресован самым маленьким зрителям - от годика до трех лет. Как малышу освоиться в большом и новом для него мире? В этом могут помочь простые и очень знакомые бытовые предметы, например подушка, одеяло или… носок. Простая история в игровой форме увлечёт и малышей, и их родителей.",D:/home/projects/galaxy/scraping/git-scraping-redom/images/IMAGES_2021_3_17-2021_3_20-ALL/Мой волшебный носок.jpg,Мой волшебный носок,Театр кукол,18:00,theater
2021-03-20,"Приглашаем малышей и их родителей в удивительную страну Лимпопо, где живут герои, придуманные замечательным сказочником Корнеем Чуковским. Сказки этого автора с детства помнят мамы и папы, дедушки и бабушки. Современным детям они тоже будут по душе.|Правда, в нашей стране Лимпопо случилась беда – сказки перепутались, а их герои просят о помощи. Распутывание сказочной путаницы – это захватывающее приклюЧТЕНИЕ, во время которого дети знакомятся с произведениями Чуковского и проходят театрализованный мини-квест.|В игровой форме они учатся быть внимательными к близким, помогать друг другу и действовать сообща.  Вместе с тем дети развивают речь, навыки общения, чувство ритма и музыкальные способности, тренируют фантазию и творческое мышление.|Ведёт программу актриса Светлана Кутушева.",D:/home/projects/galaxy/scraping/git-scraping-redom/images/IMAGES_2021_3_17-2021_3_20-ALL/Путаница.jpg,Путаница,Театр юного зрителя|Букхолл,14:30,theater
2021-03-20,"Спектакль -  руководство к действию для всех, кто хочет стать счастливым! Каждый человек мечтает о счастье! Так и в семье Станислава Петровича Кирюхина – все мечтают о счастье! Для Станислава Петровича счастье – это дом-усадьба, свежий воздух, пение птиц! Для Маргариты, его дочери, счастье – найти мужа! Для Василисы, жены Станислава Петровича – это всегда трезвый и здоровый муж! И если очень захотеть, оно обязательно придёт - СЧАСТЬЕ! Ведь как говорят в народе – «Счастье есть, его не может не быть!»",D:/home/projects/galaxy/scraping/git-scraping-redom/images/IMAGES_2021_3_17-2021_3_20-ALL/Хочешь быть счастливым – будь им!.jpg,Хочешь быть счастливым – будь им!,Дом актера,16:30,theater
2021-03-20,Первенство России по футболу среди команд футбольной национальной лиги.|«Енисей» (Красноярск) – «Акрон» (Тольятти).,D:/home/projects/galaxy/scraping/git-scraping-redom/images/IMAGES_2021_3_17-2021_3_20-ALL/Футбол: «Енисей» – «Акрон».jpg,Футбол: «Енисей» – «Акрон»,Футбол-Арена «Енисей»,17:00,sport
2021-03-20,"Экологическая сказка от кукольного театра ""Скоморох""|Вас ждет:|- кукольный спектакль|- песни,|- фокусы,|- игры,|- веселье.|Сказка не простая, а интерактивная!|Герои: 🐻Медведь, 🐰Заяц, 💃Девочка, 🤴Король мусора.",D:/home/projects/galaxy/scraping/git-scraping-redom/images/IMAGES_2021_3_17-2021_3_20-ALL/Экологическая сказка «Земля - наш Дом родной».jpg,Экологическая сказка «Земля - наш Дом родной»,Библиотека им. Романа Солнцева,16:30,shows
2021-03-20,"Вместе с экскурсоводом Эллой гости будут вдохновляться весной. Для того, чтобы прийти на встречу, необязательно быть профессиональным художником, достаточно просто хотеть рисовать. Если у вас есть любимые материалы – приносите их с собой, если нет, мы предоставим вам всё необходимое: бумагу, маркеры, краски и кисти.",D:/home/projects/galaxy/scraping/git-scraping-redom/images/IMAGES_2021_3_17-2021_3_20-ALL/Скетчинг «Рисуем в Юдинке»: Весна.jpg,Скетчинг «Рисуем в Юдинке»: Весна,Музей-усадьба Г.В. Юдина,16:00,shows
2021-03-20,"Литературный музей представляет новый цикл экскурсий и музейных занятий. На них гостям музея расскажут о символическом значении вещей, которые можно встретить в повседневной жизни. Участники увидят, как эти вещи выглядели в разные времена и в разных странах, чем отличалось отношение к этим предметам у разных народов.|Каждый месяц будет выходить одна новая экскурсия или занятие. Тема февральского занятия: зеркала.|Зеркало является одним из самых будничных предметов в жизни каждого человека, одновременно это и самая загадочная бытовая вещь. Часто, любуясь собой, человек совсем не обращает внимания на зеркало, не задумывается о его устройстве и функции отражения.|Участники заглянут в «зазеркалье»: узнают историю, состав и разновидности зеркал, познакомятся с основными свойствами этого древнего предмета и сыграют в зеркальные игры с расшифровкой таинственных посланий, созданием калейдоскопа эмоций и фотографированием в музейных зеркалах.|Занятие будет интересно посетителям старше 7 лет.",D:/home/projects/galaxy/scraping/git-scraping-redom/images/IMAGES_2021_3_17-2021_3_20-ALL/Факультет привычных вещей: Зеркала.jpg,Факультет привычных вещей: Зеркала,Литературный музей им. В.П. Астафьева,14:00,shows
2021-03-20,"Литературный музей приглашает на интерактивное занятие по мотивам одноименного произведения сибирского писателя П.П. Ершова. Участники познакомятся  с автором знаменитой сказки, узнают каково быть настоящим писателем, научатся отличать авторские сказки от народных, подружатся  с главными героями и ответят на вопросы: кто такой Конёк-горбунок, как поймать Жар-птицу, где обитает Чудо-юдо Рыба-кит и  о чем мечтает Царь-девица? Приходите и помогите Ивану справиться со всеми испытаниями и добиться справедливости в сказочном царстве.",D:/home/projects/galaxy/scraping/git-scraping-redom/images/IMAGES_2021_3_17-2021_3_20-ALL/Сказки в музее: Конек-горбунок.jpg,Сказки в музее: Конек-горбунок,Литературный музей им. В.П. Астафьева,12:00,shows
2021-03-20,"Используя простейшие предметы домашнего обихода, участники мастер-класса, под руководством профессионалов, создадут условную театральную куклу и в игровой форме обучатся навыкам работы с ней.|Все материалы предоставляются театром.",D:/home/projects/galaxy/scraping/git-scraping-redom/images/IMAGES_2021_3_17-2021_3_20-ALL/Театральная кукла из предметов быта.jpg,Театральная кукла из предметов быта,Театр кукол,11:00,shows
2021-03-20,"Каждые выходные мы проводим для вас творческие мастер-классы и раз в месяц у нас тематическая вечеринка.|27 марта ждём вас на неон пати:|Дискотека со светомузыкой и браслетами|Мастер-класс светящийся слайм|Сладкая вата, крио-коктейли|Фотограф",D:/home/projects/galaxy/scraping/git-scraping-redom/images/IMAGES_2021_3_17-2021_3_20-ALL/Мастер-класс от Haappytoria.jpg,Мастер-класс от Haappytoria,Happytoria,11:00,shows
2021-03-20,"Пьеса французского драматурга Пьера Шено — комедия с почти детективным сюжетом.|Умер известный писатель. Испуганные родственники слетаются на раздел огромного богатства. Завещание написано заранее, и вроде бы все ясно, хотя есть и недовольные. Но тут вдруг…|Это комедия нравов, характеров об относительности и зыбкости моральных критериев в мире, где торжествуют деньги. Искрометный, легкий юмор и блистательная игра актеров еще раз дает нам повод посмеяться над алчностью, глупостью и находчивостью этих восхитительных французов.",D:/home/projects/galaxy/scraping/git-scraping-redom/images/IMAGES_2021_3_17-2021_3_20-ALL/Красавцы.jpg,Красавцы,Институт искусств,15:00,theater
2021-03-20,,D:/home/projects/galaxy/scraping/git-scraping-redom/images/IMAGES_2021_3_17-2021_3_20-ALL/Лиса и заяц (Премьера).jpg,Лиса и заяц (Премьера),Театр кукол,12:30,theater
2021-03-20,"«Стоит в поле теремок, он не низок, не высок…» – сложно найти человека, который не узнает эти строки, начинающие известную сказку Маршака «Теремок». Эти слова знакомы каждому из нас с самого детства, ведь на них выросло не одно поколение ребятишек. И сколько бы лет не исполнилось «Теремку», эта сказка о настоящей дружбе и смелости зверей никогда не устареет.",D:/home/projects/galaxy/scraping/git-scraping-redom/images/IMAGES_2021_3_17-2021_3_20-ALL/Терем-теремок.jpg,Терем-теремок,Театр оперы и балета,12:00,theater
2021-03-20,"Красноярский музыкальный театр готовит юным зрителям новогодний подарок – новую историю про Щелкунчика и девочку Мари. Это не инсценировка знаменитой сказки Гофмана и вовсе не балет Чайковского, а  современная фантазия о том, как могли бы развиваться события в доме, где живет девочка Мари с мамой и папой, где крестный приносит забавную игрушку, а в норах притаились мыши и ждут своего часа.|Музыку для спектакля написал композитор Юрий Коротких. Над постановкой работают: режиссер Марина Малькович, хореограф Габриель Арма, художник Жанна Семенюк.|Под новый год обязательно случаются какие-нибудь чудеса, и порой не каждый сможет разобраться, где граница между волшебным сном и явью.  Да и девочке Мари не стоит удивляться, если вдруг мама и папа превратятся в Короля и Королеву, добрый Крестный в загадочного Астролога, а  нелепая игрушка Щелкунчик не только заговорит, но и будет готова отдать жизнь за прекрасную Принцессу.|Коварная Мышильда задумала выдать Мари замуж за своего глупого сыночка – принца Прилипата, и тогда девочка превратится в мышь. Да  у неё уже торчат мышиные зубки благодаря колдовству мамаши Прилипата.  И спасти Мари может только удивительный орех Кракатук. При помощи этого ореха можно вернуть первоначальный прекрасный облик, да и вообще, каждый становится тем, кто он есть на самом деле. У Щелкунчика с большущим ртом будет выбор – стать прекрасным самому или вернуть красоту Девочке Мари, а он, конечно же, не ошибется! Потому как если очень сильно верить в чудо, оно обязательно случится!|И тогда, быть может, сон станет реальностью, а в гости к Крестному приедет его симпатичный племянник,  с которым можно будет станцевать веселый танец в марципановом замке в новогоднюю ночь.  Потому как если очень верить, то чудо обязательно случится!|Играть в сновидения будут артисты Красноярского музыкального театра и самые настоящие дети – воспитанники детской хореографической студии «Флик-Фляк» под руководством Андрея Брылякова.","D:/home/projects/galaxy/scraping/git-scraping-redom/images/IMAGES_2021_3_17-2021_3_20-ALL/Щелкунчик, или Тайна ореха кракатук.jpg","Щелкунчик, или Тайна ореха кракатук",Музыкальный театр,11:00,theater
